Prefix,Level,Semester,Competency,Standard.Measure,Standard.Pedagogy,Form,QNT1,QNT2,QNT3,QNT4,Order,Race/Ethnicity,Gender,PELL
MATH,100,Fall 2017,Quantitative Literacy,1: a selected response exam,1: face-to-face lecture,SCORE,NA,NA,0,NA,1,Black or African American,F,Y
MATH,100,Fall 2017,Quantitative Literacy,1: a selected response exam,1: face-to-face lecture,SCORE,NA,NA,0,NA,1,White,M,Y
MATH,100,Fall 2017,Quantitative Literacy,1: a selected response exam,1: face-to-face lecture,SCORE,NA,NA,0,NA,1,White,F,Y
MATH,100,Fall 2017,Quantitative Literacy,1: a selected response exam,1: face-to-face lecture,SCORE,NA,NA,0,NA,1,White,F,N
MATH,100,Fall 2017,Quantitative Literacy,1: a selected response exam,1: face-to-face lecture,SCORE,NA,NA,0,NA,1,White,F,N
MATH,100,Fall 2017,Quantitative Literacy,1: a selected response exam,1: face-to-face lecture,SCORE,NA,NA,1,NA,1,Multiracial,F,Y
MATH,100,Fall 2017,Quantitative Literacy,1: a selected response exam,1: face-to-face lecture,SCORE,NA,NA,1,NA,1,Black or African American,M,N
MATH,100,Fall 2017,Quantitative Literacy,1: a selected response exam,1: face-to-face lecture,SCORE,NA,NA,2,NA,1,White,F,Y
MATH,100,Fall 2017,Quantitative Literacy,1: a selected response exam,1: face-to-face lecture,SCORE,NA,NA,2,NA,1,White,M,Y
MATH,100,Fall 2017,Quantitative Literacy,1: a selected response exam,1: face-to-face lecture,SCORE,NA,NA,2,NA,1,White,M,Y
MATH,100,Fall 2017,Quantitative Literacy,1: a selected response exam,1: face-to-face lecture,SCORE,NA,NA,2,NA,1,Black or African American,F,N
MATH,100,Fall 2017,Quantitative Literacy,1: a selected response exam,1: face-to-face lecture,SCORE,NA,NA,2,NA,1,White,F,N
MATH,100,Fall 2017,Quantitative Literacy,1: a selected response exam,1: face-to-face lecture,SCORE,NA,NA,3,NA,1,White,M,Y
MATH,100,Fall 2017,Quantitative Literacy,1: a selected response exam,1: face-to-face lecture,SCORE,NA,NA,3,NA,1,White,F,Y
MATH,100,Fall 2017,Quantitative Literacy,1: a selected response exam,1: face-to-face lecture,SCORE,NA,NA,4,NA,1,Black or African American,M,Y
MATH,100,Fall 2017,Quantitative Literacy,1: a selected response exam,1: face-to-face lecture,SCORE,NA,NA,4,NA,1,White,F,N
MATH,100,Fall 2017,Quantitative Literacy,1: a selected response exam,1: face-to-face lecture,SCORE,NA,NA,4,NA,1,White,F,N
MATH,100,Fall 2017,Quantitative Literacy,1: a selected response exam,1: face-to-face lecture,SCORE,NA,NA,4,NA,1,White,M,Y
MATH,100,Fall 2017,Quantitative Literacy,1: a selected response exam,1: face-to-face lecture,SCORE,NA,NA,4,NA,1,White,F,Y
MATH,100,Fall 2017,Quantitative Literacy,1: a selected response exam,1: face-to-face lecture,SCORE,NA,NA,4,NA,1,White,F,N
MATH,100,Fall 2017,Quantitative Literacy,1: a selected response exam,1: face-to-face lecture,SCORE,NA,NA,4,NA,1,White,M,N
MATH,100,Fall 2017,Quantitative Literacy,1: a selected response exam,1: face-to-face lecture,SCORE,NA,NA,4,NA,1,White,F,N
MATH,100,Fall 2017,Quantitative Literacy,1: a selected response exam,1: face-to-face lecture,SCORE,NA,NA,4,NA,1,White,M,Y
MATH,100,Fall 2017,Quantitative Literacy,1: a selected response exam,1: face-to-face lecture,SCORE,NA,NA,4,NA,1,White,F,N
MATH,100,Fall 2017,Quantitative Literacy,1: a selected response exam,1: face-to-face lecture,SCORE,NA,NA,4,NA,1,White,F,Y
MATH,100,Fall 2017,Quantitative Literacy,2: a constructed response exam,1: face-to-face lecture,SCORE,NA,NA,3,NA,2,White,M,Y
MATH,100,Fall 2017,Quantitative Literacy,2: a constructed response exam,1: face-to-face lecture,SCORE,NA,NA,3,NA,2,White,M,N
MATH,100,Fall 2017,Quantitative Literacy,2: a constructed response exam,1: face-to-face lecture,SCORE,NA,NA,4,NA,2,White,M,Y
MATH,100,Fall 2017,Quantitative Literacy,2: a constructed response exam,1: face-to-face lecture,SCORE,NA,NA,3,NA,2,White,M,N
MATH,100,Fall 2017,Quantitative Literacy,2: a constructed response exam,1: face-to-face lecture,SCORE,NA,NA,4,NA,2,White,F,Y
MATH,100,Fall 2017,Quantitative Literacy,2: a constructed response exam,1: face-to-face lecture,SCORE,NA,NA,4,NA,2,White,M,N
MATH,100,Fall 2017,Quantitative Literacy,2: a constructed response exam,1: face-to-face lecture,SCORE,NA,NA,4,NA,2,Unknown,F,Y
MATH,100,Fall 2017,Quantitative Literacy,2: a constructed response exam,1: face-to-face lecture,SCORE,NA,NA,4,NA,2,White,F,N
MATH,100,Fall 2017,Quantitative Literacy,2: a constructed response exam,1: face-to-face lecture,SCORE,NA,NA,3,NA,2,White,M,N
MATH,100,Fall 2017,Quantitative Literacy,2: a constructed response exam,1: face-to-face lecture,SCORE,NA,NA,3,NA,2,White,M,N
MATH,100,Fall 2017,Quantitative Literacy,2: a constructed response exam,1: face-to-face lecture,SCORE,NA,NA,3,NA,2,Hispanic/Latino,M,N
MATH,100,Fall 2017,Quantitative Literacy,2: a constructed response exam,1: face-to-face lecture,SCORE,NA,NA,3,NA,2,White,M,Y
MATH,100,Fall 2017,Quantitative Literacy,2: a constructed response exam,1: face-to-face lecture,SCORE,NA,NA,3,NA,2,White,M,N
MATH,100,Fall 2017,Quantitative Literacy,2: a constructed response exam,1: face-to-face lecture,SCORE,NA,NA,3,NA,2,White,M,N
MATH,100,Fall 2017,Quantitative Literacy,2: a constructed response exam,1: face-to-face lecture,SCORE,NA,NA,3,NA,2,Hispanic/Latino,M,Y
MATH,100,Fall 2017,Quantitative Literacy,2: a constructed response exam,1: face-to-face lecture,SCORE,NA,NA,3,NA,2,White,M,Y
MATH,100,Fall 2017,Quantitative Literacy,2: a constructed response exam,1: face-to-face lecture,SCORE,NA,NA,4,NA,2,White,M,Y
MATH,100,Fall 2017,Quantitative Literacy,2: a constructed response exam,1: face-to-face lecture,SCORE,NA,NA,4,NA,2,White,F,N
MATH,100,Fall 2017,Quantitative Literacy,2: a constructed response exam,1: face-to-face lecture,SCORE,NA,NA,3,NA,2,White,F,N
MATH,100,Fall 2017,Quantitative Literacy,2: a constructed response exam,1: face-to-face lecture,SCORE,NA,NA,4,NA,2,White,M,N
MATH,100,Fall 2017,Quantitative Literacy,2: a constructed response exam,1: face-to-face lecture,SCORE,NA,NA,0,NA,2,White,M,N
MATH,100,Fall 2017,Quantitative Literacy,2: a constructed response exam,1: face-to-face lecture,SCORE,NA,NA,4,NA,2,White,M,N
MATH,100,Fall 2017,Quantitative Literacy,2: a constructed response exam,1: face-to-face lecture,SCORE,NA,NA,2,NA,2,White,M,N
MATH,100,Fall 2017,Quantitative Literacy,2: a constructed response exam,1: face-to-face lecture,SCORE,NA,NA,2,NA,2,White,F,Y
MATH,100,Fall 2017,Quantitative Literacy,2: a constructed response exam,1: face-to-face lecture,SCORE,NA,NA,3,NA,2,White,M,N
MATH,100,Fall 2017,Quantitative Literacy,2: a constructed response exam,1: face-to-face lecture,SCORE,NA,NA,4,NA,2,White,M,N
MATH,100,Fall 2017,Quantitative Literacy,2: a constructed response exam,1: face-to-face lecture,SCORE,NA,NA,4,NA,2,White,F,N
MATH,100,Fall 2017,Quantitative Literacy,2: a constructed response exam,1: face-to-face lecture,SCORE,NA,NA,4,NA,3,White,M,N
MATH,100,Fall 2017,Quantitative Literacy,2: a constructed response exam,1: face-to-face lecture,SCORE,NA,NA,4,NA,3,Hispanic/Latino,M,N
MATH,100,Fall 2017,Quantitative Literacy,2: a constructed response exam,1: face-to-face lecture,SCORE,NA,NA,3,NA,3,White,F,Y
MATH,100,Fall 2017,Quantitative Literacy,2: a constructed response exam,1: face-to-face lecture,SCORE,NA,NA,3,NA,3,White,F,N
MATH,100,Fall 2017,Quantitative Literacy,2: a constructed response exam,1: face-to-face lecture,SCORE,NA,NA,3,NA,3,White,M,N
MATH,100,Fall 2017,Quantitative Literacy,2: a constructed response exam,1: face-to-face lecture,SCORE,NA,NA,3,NA,3,White,M,N
MATH,100,Fall 2017,Quantitative Literacy,2: a constructed response exam,1: face-to-face lecture,SCORE,NA,NA,3,NA,3,Hispanic/Latino,M,Y
MATH,100,Fall 2017,Quantitative Literacy,2: a constructed response exam,1: face-to-face lecture,SCORE,NA,NA,3,NA,3,Hispanic/Latino,F,Y
MATH,100,Fall 2017,Quantitative Literacy,2: a constructed response exam,1: face-to-face lecture,SCORE,NA,NA,3,NA,3,Hispanic/Latino,F,Y
MATH,100,Fall 2017,Quantitative Literacy,2: a constructed response exam,1: face-to-face lecture,SCORE,NA,NA,3,NA,3,White,M,Y
MATH,100,Fall 2017,Quantitative Literacy,2: a constructed response exam,1: face-to-face lecture,SCORE,NA,NA,2,NA,3,White,M,N
MATH,100,Fall 2017,Quantitative Literacy,2: a constructed response exam,1: face-to-face lecture,SCORE,NA,NA,2,NA,3,Hispanic/Latino,M,N
MATH,100,Fall 2017,Quantitative Literacy,2: a constructed response exam,1: face-to-face lecture,SCORE,NA,NA,2,NA,3,White,F,N
MATH,100,Fall 2017,Quantitative Literacy,2: a constructed response exam,1: face-to-face lecture,SCORE,NA,NA,2,NA,3,White,M,N
MATH,100,Fall 2017,Quantitative Literacy,2: a constructed response exam,1: face-to-face lecture,SCORE,NA,NA,2,NA,3,White,F,N
MATH,100,Fall 2017,Quantitative Literacy,2: a constructed response exam,1: face-to-face lecture,SCORE,NA,NA,1,NA,3,White,M,Y
MATH,100,Fall 2017,Quantitative Literacy,2: a constructed response exam,1: face-to-face lecture,SCORE,NA,NA,1,NA,3,Multiracial,M,Y
MATH,100,Fall 2017,Quantitative Literacy,2: a constructed response exam,1: face-to-face lecture,SCORE,NA,NA,1,NA,3,White,F,Y
MATH,100,Fall 2017,Quantitative Literacy,2: a constructed response exam,1: face-to-face lecture,SCORE,NA,NA,1,NA,3,White,F,Y
MATH,100,Fall 2017,Quantitative Literacy,2: a constructed response exam,1: face-to-face lecture,SCORE,NA,NA,0,NA,3,White,F,N
MATH,100,Fall 2017,Quantitative Literacy,2: a constructed response exam,1: face-to-face lecture,SCORE,NA,NA,4,NA,3,White,M,N
MATH,100,Fall 2017,Quantitative Literacy,2: a constructed response exam,1: face-to-face lecture,SCORE,NA,NA,3,NA,3,Black or African American,F,Y
MATH,100,Fall 2017,Quantitative Literacy,2: a constructed response exam,1: face-to-face lecture,SCORE,NA,NA,3,NA,3,White,F,N
MATH,100,Fall 2017,Quantitative Literacy,2: a constructed response exam,1: face-to-face lecture,SCORE,NA,NA,3,NA,3,White,M,N
MATH,100,Fall 2017,Quantitative Literacy,2: a constructed response exam,1: face-to-face lecture,SCORE,NA,NA,3,NA,3,Hispanic/Latino,M,N
MATH,100,Fall 2017,Quantitative Literacy,2: a constructed response exam,1: face-to-face lecture,SCORE,NA,NA,3,NA,3,White,M,N
MATH,100,Fall 2017,Quantitative Literacy,2: a constructed response exam,1: face-to-face lecture,SCORE,NA,NA,3,NA,3,White,M,N
MATH,100,Fall 2017,Quantitative Literacy,2: a constructed response exam,1: face-to-face lecture,SCORE,NA,NA,2,NA,3,White,M,Y
MATH,100,Fall 2017,Quantitative Literacy,2: a constructed response exam,1: face-to-face lecture,SCORE,NA,NA,1,NA,3,White,M,N
MATH,100,Fall 2017,Quantitative Literacy,2: a constructed response exam,1: face-to-face lecture,SCORE,NA,NA,1,NA,3,White,M,N
MATH,100,Fall 2017,Quantitative Literacy,2: a constructed response exam,1: face-to-face lecture,SCORE,NA,NA,1,NA,3,White,M,N
MATH,100,Fall 2017,Quantitative Literacy,2: a constructed response exam,1: face-to-face lecture,SCORE,NA,NA,1,NA,3,White,F,N
MATH,100,Fall 2017,Quantitative Literacy,2: a constructed response exam,1: face-to-face lecture,SCORE,NA,NA,1,NA,3,White,M,Y
MATH,100,Fall 2017,Quantitative Literacy,2: a constructed response exam,1: face-to-face lecture,SCORE,NA,NA,0,NA,3,Black or African American,M,Y
MATH,100,Fall 2017,Quantitative Literacy,2: a constructed response exam,1: face-to-face lecture,SCORE,NA,NA,0,NA,3,White,M,N
MATH,100,Fall 2017,Quantitative Literacy,2: a constructed response exam,1: face-to-face lecture,SCORE,NA,NA,0,NA,3,White,F,Y
MATH,100,Fall 2017,Quantitative Literacy,2: a constructed response exam,1: face-to-face lecture,SCORE,NA,NA,0,NA,3,White,F,N
MATH,100,Fall 2017,Quantitative Literacy,2: a constructed response exam,1: face-to-face lecture,SCORE,NA,NA,0,NA,3,White,M,N
MATH,100,Fall 2017,Quantitative Literacy,2: a constructed response exam,1: face-to-face lecture,SCORE,NA,NA,0,NA,3,White,M,Y
MATH,100,Fall 2017,Quantitative Literacy,2: a constructed response exam,1: face-to-face lecture,SCORE,NA,NA,0,NA,3,American Indian/Alaskan Native,F,N
MATH,100,Fall 2017,Quantitative Literacy,2: a constructed response exam,1: face-to-face lecture,SCORE,NA,NA,4,NA,3,Multiracial,F,Y
MATH,100,Fall 2017,Quantitative Literacy,2: a constructed response exam,1: face-to-face lecture,SCORE,NA,NA,4,NA,3,Black or African American,F,Y
MATH,100,Fall 2017,Quantitative Literacy,2: a constructed response exam,1: face-to-face lecture,SCORE,NA,NA,4,NA,3,White,F,Y
MATH,100,Fall 2017,Quantitative Literacy,2: a constructed response exam,1: face-to-face lecture,SCORE,NA,NA,3,NA,3,White,F,Y
MATH,100,Fall 2017,Quantitative Literacy,2: a constructed response exam,1: face-to-face lecture,SCORE,NA,NA,3,NA,3,White,M,Y
MATH,100,Fall 2017,Quantitative Literacy,2: a constructed response exam,1: face-to-face lecture,SCORE,NA,NA,3,NA,3,White,F,Y
MATH,100,Fall 2017,Quantitative Literacy,2: a constructed response exam,1: face-to-face lecture,SCORE,NA,NA,3,NA,3,White,F,Y
MATH,100,Fall 2017,Quantitative Literacy,2: a constructed response exam,1: face-to-face lecture,SCORE,NA,NA,3,NA,3,White,M,N
MATH,100,Fall 2017,Quantitative Literacy,2: a constructed response exam,1: face-to-face lecture,SCORE,NA,NA,3,NA,3,White,M,Y
MATH,100,Fall 2017,Quantitative Literacy,2: a constructed response exam,1: face-to-face lecture,SCORE,NA,NA,2,NA,3,Hispanic/Latino,M,N
MATH,100,Fall 2017,Quantitative Literacy,2: a constructed response exam,1: face-to-face lecture,SCORE,NA,NA,2,NA,3,White,F,Y
MATH,100,Fall 2017,Quantitative Literacy,2: a constructed response exam,1: face-to-face lecture,SCORE,NA,NA,2,NA,3,White,M,N
MATH,100,Fall 2017,Quantitative Literacy,2: a constructed response exam,1: face-to-face lecture,SCORE,NA,NA,2,NA,3,White,M,N
MATH,100,Fall 2017,Quantitative Literacy,2: a constructed response exam,1: face-to-face lecture,SCORE,NA,NA,2,NA,3,White,F,N
MATH,100,Fall 2017,Quantitative Literacy,2: a constructed response exam,1: face-to-face lecture,SCORE,NA,NA,2,NA,3,Black or African American,M,Y
MATH,100,Fall 2017,Quantitative Literacy,2: a constructed response exam,1: face-to-face lecture,SCORE,NA,NA,2,NA,3,White,F,Y
MATH,100,Fall 2017,Quantitative Literacy,2: a constructed response exam,1: face-to-face lecture,SCORE,NA,NA,0,NA,3,Black or African American,M,N
MATH,100,Fall 2017,Quantitative Literacy,2: a constructed response exam,1: face-to-face lecture,SCORE,NA,NA,0,NA,3,White,M,N
MATH,200,Fall 2018,Quantitative Literacy,5: a short written report,1: face-to-face lecture,RUBRIC,NA,NA,0,NA,4,Multiracial,F,Y
MATH,200,Fall 2018,Quantitative Literacy,5: a short written report,1: face-to-face lecture,RUBRIC,NA,NA,3,NA,4,White,M,N
MATH,200,Fall 2018,Quantitative Literacy,5: a short written report,1: face-to-face lecture,RUBRIC,NA,NA,0,NA,4,White,M,Y
MATH,200,Fall 2018,Quantitative Literacy,5: a short written report,1: face-to-face lecture,RUBRIC,NA,NA,3,NA,4,White,M,N
MATH,200,Fall 2018,Quantitative Literacy,5: a short written report,1: face-to-face lecture,RUBRIC,NA,NA,4,NA,4,White,F,N
MATH,200,Fall 2018,Quantitative Literacy,5: a short written report,1: face-to-face lecture,RUBRIC,NA,NA,4,NA,4,White,M,N
MATH,200,Fall 2018,Quantitative Literacy,5: a short written report,1: face-to-face lecture,RUBRIC,NA,NA,3,NA,4,White,F,N
MATH,200,Fall 2018,Quantitative Literacy,5: a short written report,1: face-to-face lecture,RUBRIC,NA,NA,0,NA,4,White,M,N
MATH,200,Fall 2018,Quantitative Literacy,5: a short written report,1: face-to-face lecture,RUBRIC,NA,NA,3,NA,4,White,M,Y
MATH,200,Fall 2018,Quantitative Literacy,5: a short written report,1: face-to-face lecture,RUBRIC,NA,NA,0,NA,4,White,M,Y
MATH,200,Fall 2018,Quantitative Literacy,5: a short written report,1: face-to-face lecture,RUBRIC,NA,NA,4,NA,4,White,F,N
MATH,200,Fall 2018,Quantitative Literacy,5: a short written report,1: face-to-face lecture,RUBRIC,NA,NA,3,NA,4,White,M,N
MATH,200,Fall 2018,Quantitative Literacy,5: a short written report,1: face-to-face lecture,RUBRIC,NA,NA,0,NA,4,White,M,N
MATH,200,Fall 2018,Quantitative Literacy,5: a short written report,1: face-to-face lecture,RUBRIC,NA,NA,0,NA,4,White,M,Y
MATH,200,Fall 2018,Quantitative Literacy,5: a short written report,1: face-to-face lecture,RUBRIC,NA,NA,0,NA,4,White,F,Y
MATH,200,Fall 2018,Quantitative Literacy,5: a short written report,1: face-to-face lecture,RUBRIC,NA,NA,3,NA,4,White,F,N
MATH,200,Fall 2018,Quantitative Literacy,5: a short written report,1: face-to-face lecture,RUBRIC,NA,NA,4,NA,4,White,F,N
MATH,200,Fall 2018,Quantitative Literacy,5: a short written report,1: face-to-face lecture,RUBRIC,NA,NA,0,NA,4,White,M,N
MATH,200,Fall 2018,Quantitative Literacy,5: a short written report,1: face-to-face lecture,RUBRIC,NA,NA,0,NA,4,White,M,Y
MATH,200,Fall 2018,Quantitative Literacy,5: a short written report,1: face-to-face lecture,RUBRIC,NA,NA,4,NA,4,White,F,N
MATH,200,Fall 2018,Quantitative Literacy,5: a short written report,1: face-to-face lecture,RUBRIC,NA,NA,0,NA,4,White,M,Y
MATH,200,Fall 2018,Quantitative Literacy,5: a short written report,1: face-to-face lecture,RUBRIC,NA,NA,0,NA,4,White,F,N
MATH,200,Fall 2018,Quantitative Literacy,5: a short written report,1: face-to-face lecture,RUBRIC,NA,NA,4,NA,4,Multiracial,M,N
MATH,200,Fall 2018,Quantitative Literacy,5: a short written report,1: face-to-face lecture,RUBRIC,NA,NA,4,NA,4,White,F,Y
MATH,200,Fall 2018,Quantitative Literacy,5: a short written report,1: face-to-face lecture,RUBRIC,NA,NA,3,NA,4,White,M,N
MATH,200,Fall 2018,Quantitative Literacy,5: a short written report,1: face-to-face lecture,RUBRIC,NA,NA,4,NA,4,White,F,N
MATH,200,Fall 2018,Quantitative Literacy,5: a short written report,1: face-to-face lecture,RUBRIC,NA,NA,0,NA,4,White,F,N
MATH,200,Fall 2018,Quantitative Literacy,5: a short written report,1: face-to-face lecture,RUBRIC,NA,NA,0,NA,4,White,M,Y
MATH,200,Fall 2018,Quantitative Literacy,5: a short written report,1: face-to-face lecture,RUBRIC,NA,NA,4,NA,4,White,F,N
MATH,200,Fall 2018,Quantitative Literacy,5: a short written report,1: face-to-face lecture,RUBRIC,NA,NA,4,NA,4,White,F,N
MATH,200,Fall 2018,Quantitative Literacy,5: a short written report,1: face-to-face lecture,RUBRIC,NA,NA,4,NA,4,White,F,N
MATH,200,Fall 2018,Quantitative Literacy,5: a short written report,1: face-to-face lecture,RUBRIC,NA,NA,0,NA,4,White,M,Y
MATH,200,Fall 2018,Quantitative Literacy,5: a short written report,1: face-to-face lecture,RUBRIC,NA,NA,4,NA,4,White,F,Y
MATH,200,Fall 2018,Quantitative Literacy,5: a short written report,1: face-to-face lecture,RUBRIC,NA,NA,4,NA,4,White,F,N
MATH,200,Fall 2018,Quantitative Literacy,5: a short written report,1: face-to-face lecture,RUBRIC,NA,NA,3,NA,4,White,F,N
MATH,200,Fall 2018,Quantitative Literacy,5: a short written report,1: face-to-face lecture,RUBRIC,NA,NA,4,NA,4,White,F,Y
MATH,200,Fall 2018,Quantitative Literacy,5: a short written report,1: face-to-face lecture,RUBRIC,NA,NA,4,NA,4,White,M,N
MATH,200,Fall 2018,Quantitative Literacy,5: a short written report,1: face-to-face lecture,RUBRIC,NA,NA,4,NA,4,White,F,N
MATH,200,Fall 2018,Quantitative Literacy,5: a short written report,1: face-to-face lecture,RUBRIC,NA,NA,4,NA,4,Black or African American,M,Y
MATH,200,Fall 2018,Quantitative Literacy,5: a short written report,1: face-to-face lecture,RUBRIC,NA,NA,4,NA,4,White,M,N
MATH,200,Fall 2018,Quantitative Literacy,5: a short written report,1: face-to-face lecture,RUBRIC,NA,NA,4,NA,4,White,F,Y
MATH,200,Fall 2018,Quantitative Literacy,5: a short written report,1: face-to-face lecture,RUBRIC,NA,NA,4,NA,4,White,M,Y
MATH,200,Fall 2018,Quantitative Literacy,5: a short written report,1: face-to-face lecture,RUBRIC,NA,NA,0,NA,4,White,F,N
MATH,200,Fall 2018,Quantitative Literacy,5: a short written report,1: face-to-face lecture,RUBRIC,NA,NA,1,NA,4,White,M,N
MATH,200,Fall 2018,Quantitative Literacy,5: a short written report,1: face-to-face lecture,RUBRIC,NA,NA,4,NA,4,White,M,Y
MATH,200,Fall 2018,Quantitative Literacy,5: a short written report,1: face-to-face lecture,RUBRIC,NA,NA,0,NA,4,Asian,M,N
MATH,200,Fall 2018,Quantitative Literacy,5: a short written report,1: face-to-face lecture,RUBRIC,NA,NA,0,NA,4,White,F,N
MATH,100,Fall 2017,Quantitative Literacy,2: a constructed response exam,1: face-to-face lecture,SCORE,NA,NA,4,NA,5,White,F,Y
MATH,100,Fall 2017,Quantitative Literacy,2: a constructed response exam,1: face-to-face lecture,SCORE,NA,NA,3,NA,5,Black or African American,F,Y
MATH,100,Fall 2017,Quantitative Literacy,2: a constructed response exam,1: face-to-face lecture,SCORE,NA,NA,4,NA,5,White,F,N
MATH,100,Fall 2017,Quantitative Literacy,2: a constructed response exam,1: face-to-face lecture,SCORE,NA,NA,4,NA,5,White,F,Y
MATH,100,Fall 2017,Quantitative Literacy,2: a constructed response exam,1: face-to-face lecture,SCORE,NA,NA,2,NA,5,Black or African American,F,Y
MATH,100,Fall 2017,Quantitative Literacy,2: a constructed response exam,1: face-to-face lecture,SCORE,NA,NA,4,NA,5,White,F,Y
MATH,100,Fall 2017,Quantitative Literacy,2: a constructed response exam,1: face-to-face lecture,SCORE,NA,NA,0,NA,5,White,M,N
MATH,100,Fall 2017,Quantitative Literacy,2: a constructed response exam,1: face-to-face lecture,SCORE,NA,NA,0,NA,5,White,F,N
MATH,100,Fall 2017,Quantitative Literacy,2: a constructed response exam,1: face-to-face lecture,SCORE,NA,NA,4,NA,5,White,F,Y
MATH,100,Fall 2017,Quantitative Literacy,2: a constructed response exam,1: face-to-face lecture,SCORE,NA,NA,0,NA,5,Black or African American,M,Y
MATH,100,Fall 2017,Quantitative Literacy,2: a constructed response exam,1: face-to-face lecture,SCORE,NA,NA,1,NA,5,White,F,N
MATH,100,Fall 2017,Quantitative Literacy,2: a constructed response exam,1: face-to-face lecture,SCORE,NA,NA,4,NA,5,White,M,N
MATH,100,Fall 2017,Quantitative Literacy,2: a constructed response exam,1: face-to-face lecture,SCORE,NA,NA,0,NA,5,White,M,N
MATH,100,Fall 2017,Quantitative Literacy,2: a constructed response exam,1: face-to-face lecture,SCORE,NA,NA,3,NA,5,Hispanic/Latino,M,Y
MATH,100,Fall 2017,Quantitative Literacy,2: a constructed response exam,1: face-to-face lecture,SCORE,NA,NA,4,NA,5,White,F,N
MATH,100,Fall 2017,Quantitative Literacy,2: a constructed response exam,1: face-to-face lecture,SCORE,NA,NA,3,NA,5,White,F,Y
MATH,100,Fall 2017,Quantitative Literacy,2: a constructed response exam,1: face-to-face lecture,SCORE,NA,NA,3,NA,5,White,F,N
MATH,100,Fall 2017,Quantitative Literacy,2: a constructed response exam,1: face-to-face lecture,SCORE,NA,NA,4,NA,5,Black or African American,F,Y
MATH,100,Fall 2017,Quantitative Literacy,2: a constructed response exam,1: face-to-face lecture,SCORE,NA,NA,4,NA,5,White,M,Y
MATH,100,Fall 2017,Quantitative Literacy,2: a constructed response exam,1: face-to-face lecture,SCORE,NA,NA,4,NA,5,White,M,N
MATH,100,Fall 2017,Quantitative Literacy,2: a constructed response exam,1: face-to-face lecture,SCORE,NA,NA,4,NA,5,White,F,Y
MATH,100,Fall 2017,Quantitative Literacy,2: a constructed response exam,1: face-to-face lecture,SCORE,NA,NA,0,NA,5,White,M,N
MATH,100,Fall 2017,Quantitative Literacy,2: a constructed response exam,1: face-to-face lecture,SCORE,NA,NA,3,NA,5,White,F,N
MATH,100,Fall 2017,Quantitative Literacy,2: a constructed response exam,1: face-to-face lecture,SCORE,NA,NA,3,NA,5,White,F,Y
MATH,100,Fall 2017,Quantitative Literacy,2: a constructed response exam,1: face-to-face lecture,SCORE,NA,NA,4,NA,5,Asian,F,N
MATH,100,Fall 2017,Quantitative Literacy,2: a constructed response exam,1: face-to-face lecture,SCORE,NA,NA,4,NA,5,White,F,N
MATH,100,Fall 2017,Quantitative Literacy,2: a constructed response exam,1: face-to-face lecture,SCORE,NA,NA,0,NA,5,White,F,Y
MATH,100,Fall 2017,Quantitative Literacy,2: a constructed response exam,1: face-to-face lecture,SCORE,NA,NA,1,NA,5,White,F,N
MATH,100,Fall 2017,Quantitative Literacy,2: a constructed response exam,1: face-to-face lecture,SCORE,NA,NA,0,NA,5,Hispanic/Latino,F,Y
MATH,100,Fall 2017,Quantitative Literacy,2: a constructed response exam,1: face-to-face lecture,SCORE,NA,NA,3,NA,6,White,M,N
MATH,100,Fall 2017,Quantitative Literacy,2: a constructed response exam,1: face-to-face lecture,SCORE,NA,NA,4,NA,6,Asian,M,N
MATH,100,Fall 2017,Quantitative Literacy,2: a constructed response exam,1: face-to-face lecture,SCORE,NA,NA,3,NA,6,White,M,Y
MATH,100,Fall 2017,Quantitative Literacy,2: a constructed response exam,1: face-to-face lecture,SCORE,NA,NA,4,NA,6,White,M,N
MATH,100,Fall 2017,Quantitative Literacy,2: a constructed response exam,1: face-to-face lecture,SCORE,NA,NA,3,NA,6,Asian,M,N
MATH,100,Fall 2017,Quantitative Literacy,2: a constructed response exam,1: face-to-face lecture,SCORE,NA,NA,4,NA,6,White,F,Y
MATH,100,Fall 2017,Quantitative Literacy,2: a constructed response exam,1: face-to-face lecture,SCORE,NA,NA,4,NA,6,White,M,N
MATH,100,Fall 2017,Quantitative Literacy,2: a constructed response exam,1: face-to-face lecture,SCORE,NA,NA,2,NA,6,Black or African American,M,Y
MATH,100,Fall 2017,Quantitative Literacy,2: a constructed response exam,1: face-to-face lecture,SCORE,NA,NA,4,NA,6,White,M,Y
MATH,100,Fall 2017,Quantitative Literacy,2: a constructed response exam,1: face-to-face lecture,SCORE,NA,NA,4,NA,6,White,F,Y
MATH,100,Fall 2017,Quantitative Literacy,2: a constructed response exam,1: face-to-face lecture,SCORE,NA,NA,3,NA,6,White,M,N
MATH,100,Fall 2017,Quantitative Literacy,2: a constructed response exam,1: face-to-face lecture,SCORE,NA,NA,3,NA,6,White,F,N
MATH,100,Fall 2017,Quantitative Literacy,2: a constructed response exam,1: face-to-face lecture,SCORE,NA,NA,3,NA,6,Hispanic/Latino,M,Y
MATH,100,Fall 2017,Quantitative Literacy,2: a constructed response exam,1: face-to-face lecture,SCORE,NA,NA,3,NA,6,Hispanic/Latino,M,Y
MATH,100,Fall 2017,Quantitative Literacy,2: a constructed response exam,1: face-to-face lecture,SCORE,NA,NA,3,NA,6,White,M,N
MATH,100,Fall 2017,Quantitative Literacy,2: a constructed response exam,1: face-to-face lecture,SCORE,NA,NA,4,NA,6,White,M,Y
MATH,100,Fall 2017,Quantitative Literacy,2: a constructed response exam,1: face-to-face lecture,SCORE,NA,NA,3,NA,6,White,F,Y
MATH,100,Fall 2017,Quantitative Literacy,2: a constructed response exam,1: face-to-face lecture,SCORE,NA,NA,2,NA,6,White,M,Y
MATH,100,Fall 2017,Quantitative Literacy,2: a constructed response exam,1: face-to-face lecture,SCORE,NA,NA,3,NA,6,White,F,N
MATH,100,Fall 2017,Quantitative Literacy,2: a constructed response exam,1: face-to-face lecture,SCORE,NA,NA,4,NA,6,White,M,N
MATH,100,Fall 2017,Quantitative Literacy,2: a constructed response exam,1: face-to-face lecture,SCORE,NA,NA,3,NA,6,Hispanic/Latino,F,Y
MATH,100,Fall 2017,Quantitative Literacy,2: a constructed response exam,1: face-to-face lecture,SCORE,NA,NA,3,NA,6,Black or African American,F,Y
MATH,100,Fall 2017,Quantitative Literacy,8: a student project,1: face-to-face lecture,RUBRIC,NA,NA,3,NA,7,White,M,N
MATH,100,Fall 2017,Quantitative Literacy,8: a student project,1: face-to-face lecture,RUBRIC,NA,NA,4,NA,7,White,F,N
MATH,100,Fall 2017,Quantitative Literacy,8: a student project,1: face-to-face lecture,RUBRIC,NA,NA,3,NA,7,White,F,N
MATH,100,Fall 2017,Quantitative Literacy,8: a student project,1: face-to-face lecture,RUBRIC,NA,NA,1,NA,7,White,M,Y
MATH,100,Fall 2017,Quantitative Literacy,8: a student project,1: face-to-face lecture,RUBRIC,NA,NA,3,NA,7,White,M,Y
MATH,100,Fall 2017,Quantitative Literacy,8: a student project,1: face-to-face lecture,RUBRIC,NA,NA,4,NA,7,Black or African American,F,Y
MATH,100,Fall 2017,Quantitative Literacy,8: a student project,1: face-to-face lecture,RUBRIC,NA,NA,3,NA,7,White,M,N
MATH,100,Fall 2017,Quantitative Literacy,8: a student project,1: face-to-face lecture,RUBRIC,NA,NA,3,NA,7,Hispanic/Latino,F,Y
MATH,100,Fall 2017,Quantitative Literacy,8: a student project,1: face-to-face lecture,RUBRIC,NA,NA,4,NA,7,White,M,N
MATH,100,Fall 2017,Quantitative Literacy,8: a student project,1: face-to-face lecture,RUBRIC,NA,NA,3,NA,7,White,M,N
MATH,100,Fall 2017,Quantitative Literacy,8: a student project,1: face-to-face lecture,RUBRIC,NA,NA,4,NA,7,White,F,Y
MATH,100,Fall 2017,Quantitative Literacy,8: a student project,1: face-to-face lecture,RUBRIC,NA,NA,3,NA,7,White,M,N
MATH,100,Fall 2017,Quantitative Literacy,8: a student project,1: face-to-face lecture,RUBRIC,NA,NA,2,NA,7,White,F,N
MATH,100,Fall 2017,Quantitative Literacy,8: a student project,1: face-to-face lecture,RUBRIC,NA,NA,4,NA,7,Hispanic/Latino,M,Y
MATH,100,Fall 2017,Quantitative Literacy,8: a student project,1: face-to-face lecture,RUBRIC,NA,NA,4,NA,7,White,F,N
MATH,100,Fall 2017,Quantitative Literacy,8: a student project,1: face-to-face lecture,RUBRIC,NA,NA,3,NA,7,Hispanic/Latino,F,N
MATH,100,Fall 2017,Quantitative Literacy,2: a constructed response exam,1: face-to-face lecture,SCORE,NA,NA,3,NA,8,White,F,N
MATH,100,Fall 2017,Quantitative Literacy,2: a constructed response exam,1: face-to-face lecture,SCORE,NA,NA,3,NA,8,White,F,Y
MATH,100,Fall 2017,Quantitative Literacy,2: a constructed response exam,1: face-to-face lecture,SCORE,NA,NA,4,NA,8,White,F,N
MATH,100,Fall 2017,Quantitative Literacy,2: a constructed response exam,1: face-to-face lecture,SCORE,NA,NA,2,NA,8,White,M,N
MATH,100,Fall 2017,Quantitative Literacy,2: a constructed response exam,1: face-to-face lecture,SCORE,NA,NA,3,NA,8,White,M,N
MATH,100,Fall 2017,Quantitative Literacy,2: a constructed response exam,1: face-to-face lecture,SCORE,NA,NA,2,NA,8,White,F,Y
MATH,100,Fall 2017,Quantitative Literacy,2: a constructed response exam,1: face-to-face lecture,SCORE,NA,NA,3,NA,8,White,F,Y
MATH,100,Fall 2017,Quantitative Literacy,2: a constructed response exam,1: face-to-face lecture,SCORE,NA,NA,3,NA,8,White,F,N
MATH,100,Fall 2017,Quantitative Literacy,2: a constructed response exam,1: face-to-face lecture,SCORE,NA,NA,4,NA,8,White,M,Y
MATH,100,Fall 2017,Quantitative Literacy,2: a constructed response exam,1: face-to-face lecture,SCORE,NA,NA,2,NA,8,White,F,N
MATH,100,Fall 2017,Quantitative Literacy,2: a constructed response exam,1: face-to-face lecture,SCORE,NA,NA,2,NA,8,Asian,M,N
MATH,100,Fall 2017,Quantitative Literacy,2: a constructed response exam,1: face-to-face lecture,SCORE,NA,NA,2,NA,8,White,M,Y
MATH,100,Fall 2017,Quantitative Literacy,2: a constructed response exam,1: face-to-face lecture,SCORE,NA,NA,3,NA,8,White,M,Y
MATH,100,Fall 2017,Quantitative Literacy,2: a constructed response exam,1: face-to-face lecture,SCORE,NA,NA,4,NA,8,White,F,N
MATH,100,Fall 2017,Quantitative Literacy,2: a constructed response exam,1: face-to-face lecture,SCORE,NA,NA,3,NA,8,Black or African American,M,N
MATH,100,Fall 2017,Quantitative Literacy,2: a constructed response exam,1: face-to-face lecture,SCORE,NA,NA,3,NA,8,White,F,Y
MATH,100,Fall 2017,Quantitative Literacy,2: a constructed response exam,1: face-to-face lecture,SCORE,NA,NA,3,NA,8,White,M,N
MATH,100,Fall 2017,Quantitative Literacy,2: a constructed response exam,1: face-to-face lecture,SCORE,NA,NA,3,NA,8,White,M,N
MATH,100,Fall 2017,Quantitative Literacy,2: a constructed response exam,1: face-to-face lecture,SCORE,NA,NA,3,NA,8,White,F,N
MATH,100,Fall 2017,Quantitative Literacy,2: a constructed response exam,1: face-to-face lecture,SCORE,NA,NA,4,NA,8,White,F,N
MATH,100,Fall 2017,Quantitative Literacy,2: a constructed response exam,1: face-to-face lecture,SCORE,NA,NA,3,NA,8,White,M,N
MATH,100,Fall 2017,Quantitative Literacy,2: a constructed response exam,1: face-to-face lecture,SCORE,NA,NA,4,NA,8,White,M,N
MATH,100,Fall 2017,Quantitative Literacy,2: a constructed response exam,1: face-to-face lecture,SCORE,NA,NA,3,NA,8,White,M,N
MATH,100,Fall 2017,Quantitative Literacy,2: a constructed response exam,1: face-to-face lecture,SCORE,NA,NA,2,NA,8,White,M,N
MATH,100,Fall 2017,Quantitative Literacy,2: a constructed response exam,1: face-to-face lecture,SCORE,NA,NA,4,NA,8,White,M,N
MATH,100,Fall 2017,Quantitative Literacy,2: a constructed response exam,1: face-to-face lecture,SCORE,NA,NA,2,NA,8,White,M,Y
MATH,100,Fall 2017,Quantitative Literacy,2: a constructed response exam,1: face-to-face lecture,SCORE,NA,NA,4,NA,8,White,F,Y
MATH,100,Fall 2017,Quantitative Literacy,2: a constructed response exam,1: face-to-face lecture,SCORE,NA,NA,4,NA,8,White,F,Y
MATH,100,Fall 2017,Quantitative Literacy,2: a constructed response exam,1: face-to-face lecture,SCORE,NA,NA,2,NA,8,White,F,N
MATH,100,Fall 2017,Quantitative Literacy,2: a constructed response exam,1: face-to-face lecture,SCORE,NA,NA,3,NA,8,White,F,Y
MATH,100,Fall 2017,Quantitative Literacy,2: a constructed response exam,1: face-to-face lecture,SCORE,NA,NA,2,NA,8,White,M,Y
MATH,100,Fall 2017,Quantitative Literacy,2: a constructed response exam,1: face-to-face lecture,SCORE,NA,NA,3,NA,8,White,F,N
MATH,100,Fall 2017,Quantitative Literacy,2: a constructed response exam,1: face-to-face lecture,SCORE,NA,NA,4,NA,8,White,F,N
MATH,100,Fall 2017,Quantitative Literacy,2: a constructed response exam,1: face-to-face lecture,SCORE,NA,NA,4,NA,8,Asian,M,Y
MATH,100,Fall 2017,Quantitative Literacy,2: a constructed response exam,1: face-to-face lecture,SCORE,NA,NA,3,NA,8,White,M,Y
MATH,100,Fall 2017,Quantitative Literacy,2: a constructed response exam,1: face-to-face lecture,SCORE,NA,NA,3,NA,8,White,F,N
MATH,100,Fall 2017,Quantitative Literacy,2: a constructed response exam,1: face-to-face lecture,SCORE,NA,NA,1,NA,8,White,M,Y
MATH,100,Fall 2017,Quantitative Literacy,2: a constructed response exam,1: face-to-face lecture,SCORE,NA,NA,3,NA,8,White,F,Y
MATH,100,Fall 2017,Quantitative Literacy,2: a constructed response exam,1: face-to-face lecture,SCORE,NA,NA,2,NA,8,White,M,N
MATH,100,Fall 2017,Quantitative Literacy,2: a constructed response exam,1: face-to-face lecture,SCORE,NA,NA,4,NA,8,White,M,N
MATH,100,Fall 2017,Quantitative Literacy,2: a constructed response exam,1: face-to-face lecture,SCORE,NA,NA,1,NA,8,Multiracial,F,Y
MATH,100,Fall 2017,Quantitative Literacy,2: a constructed response exam,1: face-to-face lecture,SCORE,NA,NA,3,NA,8,White,M,Y
MATH,100,Fall 2017,Quantitative Literacy,2: a constructed response exam,1: face-to-face lecture,SCORE,NA,NA,3,NA,8,White,M,Y
MATH,100,Fall 2017,Quantitative Literacy,2: a constructed response exam,1: face-to-face lecture,SCORE,NA,NA,2,NA,8,White,M,N
MATH,100,Fall 2017,Quantitative Literacy,2: a constructed response exam,1: face-to-face lecture,SCORE,NA,NA,2,NA,8,White,F,Y
MATH,100,Fall 2017,Quantitative Literacy,2: a constructed response exam,1: face-to-face lecture,SCORE,NA,NA,3,NA,8,White,M,N
MATH,100,Fall 2017,Quantitative Literacy,2: a constructed response exam,1: face-to-face lecture,SCORE,NA,NA,3,NA,9,White,F,Y
MATH,100,Fall 2017,Quantitative Literacy,2: a constructed response exam,1: face-to-face lecture,SCORE,NA,NA,3,NA,9,White,F,N
MATH,100,Fall 2017,Quantitative Literacy,2: a constructed response exam,1: face-to-face lecture,SCORE,NA,NA,4,NA,9,White,F,N
MATH,100,Fall 2017,Quantitative Literacy,2: a constructed response exam,1: face-to-face lecture,SCORE,NA,NA,4,NA,9,White,F,Y
MATH,100,Fall 2017,Quantitative Literacy,2: a constructed response exam,1: face-to-face lecture,SCORE,NA,NA,3,NA,9,White,F,Y
MATH,100,Fall 2017,Quantitative Literacy,2: a constructed response exam,1: face-to-face lecture,SCORE,NA,NA,4,NA,9,White,F,N
MATH,100,Fall 2017,Quantitative Literacy,2: a constructed response exam,1: face-to-face lecture,SCORE,NA,NA,3,NA,9,Multiracial,M,N
MATH,100,Fall 2017,Quantitative Literacy,2: a constructed response exam,1: face-to-face lecture,SCORE,NA,NA,4,NA,9,White,M,Y
MATH,100,Fall 2017,Quantitative Literacy,2: a constructed response exam,1: face-to-face lecture,SCORE,NA,NA,3,NA,9,White,F,Y
MATH,100,Fall 2017,Quantitative Literacy,2: a constructed response exam,1: face-to-face lecture,SCORE,NA,NA,3,NA,9,White,F,N
MATH,100,Fall 2017,Quantitative Literacy,2: a constructed response exam,1: face-to-face lecture,SCORE,NA,NA,4,NA,9,White,M,N
MATH,100,Fall 2017,Quantitative Literacy,2: a constructed response exam,1: face-to-face lecture,SCORE,NA,NA,4,NA,9,White,M,N
MATH,100,Fall 2017,Quantitative Literacy,2: a constructed response exam,1: face-to-face lecture,SCORE,NA,NA,3,NA,9,Multiracial,F,Y
MATH,100,Fall 2017,Quantitative Literacy,2: a constructed response exam,1: face-to-face lecture,SCORE,NA,NA,3,NA,9,White,F,Y
MATH,100,Fall 2017,Quantitative Literacy,2: a constructed response exam,1: face-to-face lecture,SCORE,NA,NA,3,NA,9,Hispanic/Latino,F,N
MATH,100,Fall 2017,Quantitative Literacy,2: a constructed response exam,1: face-to-face lecture,SCORE,NA,NA,3,NA,9,White,M,N
MATH,100,Fall 2017,Quantitative Literacy,2: a constructed response exam,1: face-to-face lecture,SCORE,NA,NA,3,NA,9,Hispanic/Latino,F,Y
MATH,100,Fall 2017,Quantitative Literacy,2: a constructed response exam,1: face-to-face lecture,SCORE,NA,NA,4,NA,9,White,M,N
MATH,100,Fall 2017,Quantitative Literacy,2: a constructed response exam,1: face-to-face lecture,SCORE,NA,NA,3,NA,9,White,M,Y
MATH,100,Fall 2017,Quantitative Literacy,2: a constructed response exam,1: face-to-face lecture,SCORE,NA,NA,3,NA,9,Black or African American,F,N
MATH,100,Fall 2017,Quantitative Literacy,2: a constructed response exam,1: face-to-face lecture,SCORE,NA,NA,3,NA,9,White,M,N
MATH,100,Fall 2017,Quantitative Literacy,2: a constructed response exam,1: face-to-face lecture,SCORE,NA,NA,4,NA,9,White,M,N
MATH,100,Fall 2017,Quantitative Literacy,2: a constructed response exam,1: face-to-face lecture,SCORE,NA,NA,4,NA,9,White,M,N
MATH,100,Fall 2017,Quantitative Literacy,2: a constructed response exam,1: face-to-face lecture,SCORE,NA,NA,3,NA,9,White,F,Y
MATH,100,Fall 2017,Quantitative Literacy,2: a constructed response exam,1: face-to-face lecture,SCORE,NA,NA,3,NA,9,White,M,N
MATH,100,Fall 2017,Quantitative Literacy,2: a constructed response exam,1: face-to-face lecture,SCORE,NA,NA,4,NA,9,White,M,N
MATH,100,Fall 2017,Quantitative Literacy,2: a constructed response exam,1: face-to-face lecture,SCORE,NA,NA,3,NA,9,White,F,Y
MATH,100,Fall 2017,Quantitative Literacy,2: a constructed response exam,1: face-to-face lecture,SCORE,NA,NA,4,NA,9,White,F,Y
MATH,100,Fall 2017,Quantitative Literacy,2: a constructed response exam,1: face-to-face lecture,SCORE,NA,NA,2,NA,9,Black or African American,M,Y
MATH,100,Fall 2017,Quantitative Literacy,2: a constructed response exam,1: face-to-face lecture,SCORE,NA,NA,2,NA,9,White,M,N
MATH,100,Fall 2017,Quantitative Literacy,2: a constructed response exam,1: face-to-face lecture,SCORE,NA,NA,4,NA,9,White,M,Y
MATH,100,Fall 2017,Quantitative Literacy,2: a constructed response exam,1: face-to-face lecture,SCORE,NA,NA,4,NA,9,Multiracial,F,N
MATH,100,Fall 2017,Quantitative Literacy,2: a constructed response exam,1: face-to-face lecture,SCORE,NA,NA,3,NA,9,White,F,Y
MATH,100,Fall 2017,Quantitative Literacy,2: a constructed response exam,1: face-to-face lecture,SCORE,NA,NA,4,NA,9,Multiracial,F,Y
MATH,100,Fall 2017,Quantitative Literacy,2: a constructed response exam,1: face-to-face lecture,SCORE,NA,NA,3,NA,9,White,M,N
MATH,100,Fall 2017,Quantitative Literacy,2: a constructed response exam,1: face-to-face lecture,SCORE,NA,NA,3,NA,9,White,M,N
MATH,100,Fall 2017,Quantitative Literacy,2: a constructed response exam,1: face-to-face lecture,SCORE,NA,NA,3,NA,9,White,F,Y
MATH,100,Fall 2017,Quantitative Literacy,2: a constructed response exam,1: face-to-face lecture,SCORE,NA,NA,3,NA,9,White,F,Y
MATH,100,Fall 2017,Quantitative Literacy,2: a constructed response exam,1: face-to-face lecture,SCORE,NA,NA,4,NA,9,White,M,N
MATH,100,Fall 2017,Quantitative Literacy,2: a constructed response exam,1: face-to-face lecture,SCORE,NA,NA,4,NA,9,White,M,Y
MATH,100,Fall 2017,Quantitative Literacy,2: a constructed response exam,1: face-to-face lecture,SCORE,NA,NA,4,NA,9,White,M,Y
MATH,100,Fall 2017,Quantitative Literacy,2: a constructed response exam,1: face-to-face lecture,SCORE,NA,NA,3,NA,9,White,F,N
MATH,100,Fall 2017,Quantitative Literacy,2: a constructed response exam,1: face-to-face lecture,SCORE,NA,NA,4,NA,9,White,M,N
MATH,100,Fall 2017,Quantitative Literacy,2: a constructed response exam,1: face-to-face lecture,SCORE,NA,NA,2,NA,9,White,F,N
MATH,100,Fall 2017,Quantitative Literacy,2: a constructed response exam,1: face-to-face lecture,SCORE,NA,NA,4,NA,9,White,M,N
MATH,100,Fall 2017,Quantitative Literacy,2: a constructed response exam,1: face-to-face lecture,SCORE,NA,NA,4,NA,9,Black or African American,M,Y
MATH,100,Fall 2017,Quantitative Literacy,2: a constructed response exam,1: face-to-face lecture,SCORE,NA,NA,2,NA,9,White,M,N
MATH,100,Fall 2017,Quantitative Literacy,2: a constructed response exam,1: face-to-face lecture,SCORE,NA,NA,2,NA,9,White,F,N
MATH,100,Fall 2017,Quantitative Literacy,2: a constructed response exam,1: face-to-face lecture,SCORE,NA,NA,3,NA,9,White,M,Y
MATH,100,Fall 2017,Quantitative Literacy,2: a constructed response exam,1: face-to-face lecture,SCORE,NA,NA,4,NA,9,White,M,Y
MATH,100,Fall 2017,Quantitative Literacy,2: a constructed response exam,1: face-to-face lecture,SCORE,NA,NA,3,NA,9,White,F,Y
MATH,100,Fall 2017,Quantitative Literacy,2: a constructed response exam,1: face-to-face lecture,SCORE,NA,NA,4,NA,9,White,F,Y
MATH,100,Fall 2017,Quantitative Literacy,2: a constructed response exam,1: face-to-face lecture,SCORE,NA,NA,4,NA,9,White,F,Y
MATH,100,Fall 2017,Quantitative Literacy,2: a constructed response exam,1: face-to-face lecture,SCORE,NA,NA,4,NA,9,White,M,Y
MATH,100,Fall 2017,Quantitative Literacy,2: a constructed response exam,1: face-to-face lecture,SCORE,NA,NA,4,NA,9,Hispanic/Latino,F,Y
MATH,100,Fall 2017,Quantitative Literacy,2: a constructed response exam,1: face-to-face lecture,SCORE,NA,NA,3,NA,9,Black or African American,F,N
MATH,100,Fall 2017,Quantitative Literacy,2: a constructed response exam,1: face-to-face lecture,SCORE,NA,NA,3,NA,9,White,F,Y
MATH,100,Fall 2017,Quantitative Literacy,2: a constructed response exam,1: face-to-face lecture,SCORE,NA,NA,4,NA,9,White,F,N
MATH,100,Fall 2017,Quantitative Literacy,2: a constructed response exam,1: face-to-face lecture,SCORE,NA,NA,4,NA,9,White,F,Y
MATH,100,Fall 2017,Quantitative Literacy,2: a constructed response exam,1: face-to-face lecture,SCORE,NA,NA,3,NA,9,White,M,N
MATH,100,Fall 2017,Quantitative Literacy,2: a constructed response exam,1: face-to-face lecture,SCORE,NA,NA,3,NA,9,White,M,N
MATH,100,Fall 2017,Quantitative Literacy,2: a constructed response exam,1: face-to-face lecture,SCORE,NA,NA,4,NA,9,White,F,Y
MATH,100,Fall 2017,Quantitative Literacy,2: a constructed response exam,1: face-to-face lecture,SCORE,NA,NA,4,NA,9,White,F,N
MATH,100,Fall 2017,Quantitative Literacy,2: a constructed response exam,1: face-to-face lecture,SCORE,NA,NA,2,NA,9,White,F,N
MATH,100,Fall 2017,Quantitative Literacy,2: a constructed response exam,1: face-to-face lecture,SCORE,NA,NA,4,NA,9,White,M,N
MATH,100,Fall 2017,Quantitative Literacy,2: a constructed response exam,1: face-to-face lecture,SCORE,NA,NA,4,NA,9,White,M,Y
MATH,100,Fall 2017,Quantitative Literacy,2: a constructed response exam,1: face-to-face lecture,SCORE,NA,NA,4,NA,9,White,M,Y
MATH,100,Fall 2017,Quantitative Literacy,2: a constructed response exam,1: face-to-face lecture,SCORE,NA,NA,3,NA,9,White,M,Y
MATH,100,Fall 2017,Quantitative Literacy,2: a constructed response exam,1: face-to-face lecture,SCORE,NA,NA,3,NA,9,Hispanic/Latino,M,Y
MATH,100,Fall 2017,Quantitative Literacy,2: a constructed response exam,1: face-to-face lecture,SCORE,NA,NA,4,NA,9,White,M,Y
MATH,100,Fall 2017,Quantitative Literacy,2: a constructed response exam,1: face-to-face lecture,SCORE,NA,NA,3,NA,9,White,M,N
MATH,100,Fall 2017,Quantitative Literacy,2: a constructed response exam,1: face-to-face lecture,SCORE,NA,NA,3,NA,9,Black or African American,F,Y
MATH,100,Fall 2017,Quantitative Literacy,2: a constructed response exam,1: face-to-face lecture,SCORE,NA,NA,3,NA,9,White,M,N
MATH,100,Fall 2017,Quantitative Literacy,2: a constructed response exam,1: face-to-face lecture,SCORE,NA,NA,4,NA,9,Multiracial,F,Y
MATH,100,Fall 2017,Quantitative Literacy,2: a constructed response exam,1: face-to-face lecture,SCORE,NA,NA,4,NA,9,White,M,Y
MATH,100,Fall 2017,Quantitative Literacy,2: a constructed response exam,1: face-to-face lecture,SCORE,NA,NA,3,NA,9,Black or African American,F,N
MATH,100,Fall 2017,Quantitative Literacy,2: a constructed response exam,1: face-to-face lecture,SCORE,NA,NA,3,NA,9,Black or African American,M,Y
MATH,100,Fall 2017,Quantitative Literacy,2: a constructed response exam,1: face-to-face lecture,SCORE,NA,NA,3,NA,9,Black or African American,M,Y
MATH,100,Fall 2017,Quantitative Literacy,2: a constructed response exam,1: face-to-face lecture,SCORE,NA,NA,4,NA,9,White,M,Y
MATH,100,Fall 2017,Quantitative Literacy,2: a constructed response exam,1: face-to-face lecture,SCORE,NA,NA,3,NA,9,White,M,N
MATH,100,Fall 2017,Quantitative Literacy,2: a constructed response exam,1: face-to-face lecture,SCORE,NA,NA,3,NA,9,White,M,Y
MATH,100,Fall 2017,Quantitative Literacy,2: a constructed response exam,1: face-to-face lecture,SCORE,NA,NA,2,NA,9,White,M,N
MATH,100,Fall 2017,Quantitative Literacy,2: a constructed response exam,1: face-to-face lecture,SCORE,NA,NA,4,NA,9,White,M,N
MATH,100,Fall 2017,Quantitative Literacy,2: a constructed response exam,1: face-to-face lecture,SCORE,NA,NA,4,NA,9,White,M,N
MATH,100,Fall 2017,Quantitative Literacy,2: a constructed response exam,1: face-to-face lecture,SCORE,NA,NA,4,NA,9,White,F,Y
MATH,100,Fall 2017,Quantitative Literacy,2: a constructed response exam,1: face-to-face lecture,SCORE,NA,NA,3,NA,9,White,F,N
MATH,100,Fall 2017,Quantitative Literacy,2: a constructed response exam,1: face-to-face lecture,SCORE,NA,NA,3,NA,9,Multiracial,F,Y
MATH,100,Fall 2017,Quantitative Literacy,2: a constructed response exam,1: face-to-face lecture,SCORE,NA,NA,3,NA,9,Black or African American,M,N
MATH,100,Fall 2017,Quantitative Literacy,2: a constructed response exam,1: face-to-face lecture,SCORE,NA,NA,4,NA,9,White,F,Y
MATH,100,Fall 2017,Quantitative Literacy,2: a constructed response exam,1: face-to-face lecture,SCORE,NA,NA,3,NA,9,White,M,N
MATH,100,Fall 2017,Quantitative Literacy,2: a constructed response exam,1: face-to-face lecture,SCORE,NA,NA,4,NA,9,White,M,Y
MATH,100,Fall 2017,Quantitative Literacy,2: a constructed response exam,1: face-to-face lecture,SCORE,NA,NA,4,NA,9,White,F,N
MATH,100,Fall 2017,Quantitative Literacy,2: a constructed response exam,1: face-to-face lecture,SCORE,NA,NA,3,NA,9,White,M,N
MATH,100,Fall 2017,Quantitative Literacy,2: a constructed response exam,1: face-to-face lecture,SCORE,NA,NA,4,NA,9,White,M,N
MATH,100,Fall 2017,Quantitative Literacy,2: a constructed response exam,1: face-to-face lecture,SCORE,NA,NA,4,NA,9,White,F,N
MATH,100,Fall 2017,Quantitative Literacy,2: a constructed response exam,1: face-to-face lecture,SCORE,NA,NA,4,NA,9,White,M,N
MATH,100,Fall 2017,Quantitative Literacy,2: a constructed response exam,1: face-to-face lecture,SCORE,NA,NA,4,NA,9,Asian,M,Y
MATH,100,Fall 2017,Quantitative Literacy,2: a constructed response exam,1: face-to-face lecture,SCORE,NA,NA,4,NA,9,White,F,N
MATH,100,Fall 2017,Quantitative Literacy,2: a constructed response exam,1: face-to-face lecture,SCORE,NA,NA,4,NA,9,White,F,Y
MATH,100,Fall 2017,Quantitative Literacy,2: a constructed response exam,1: face-to-face lecture,SCORE,NA,NA,3,NA,9,White,M,Y
MATH,100,Fall 2017,Quantitative Literacy,2: a constructed response exam,1: face-to-face lecture,SCORE,NA,NA,4,NA,9,White,F,N
MATH,100,Fall 2017,Quantitative Literacy,2: a constructed response exam,1: face-to-face lecture,SCORE,NA,NA,4,NA,9,White,F,N
MATH,100,Fall 2017,Quantitative Literacy,2: a constructed response exam,1: face-to-face lecture,SCORE,NA,NA,3,NA,9,White,F,Y
MATH,100,Fall 2017,Quantitative Literacy,2: a constructed response exam,1: face-to-face lecture,SCORE,NA,NA,4,NA,9,Black or African American,F,Y
MATH,100,Fall 2017,Quantitative Literacy,2: a constructed response exam,1: face-to-face lecture,SCORE,NA,NA,3,NA,9,White,M,Y
MATH,100,Fall 2017,Quantitative Literacy,2: a constructed response exam,1: face-to-face lecture,SCORE,NA,NA,4,NA,9,White,F,Y
MATH,100,Fall 2017,Quantitative Literacy,2: a constructed response exam,1: face-to-face lecture,SCORE,NA,NA,4,NA,9,White,F,N
MATH,100,Fall 2017,Quantitative Literacy,2: a constructed response exam,1: face-to-face lecture,SCORE,NA,NA,3,NA,9,White,M,Y
MATH,100,Fall 2017,Quantitative Literacy,2: a constructed response exam,1: face-to-face lecture,SCORE,NA,NA,3,NA,9,White,F,N
MATH,100,Fall 2017,Quantitative Literacy,2: a constructed response exam,1: face-to-face lecture,SCORE,NA,NA,4,NA,9,White,M,Y
MATH,100,Fall 2017,Quantitative Literacy,2: a constructed response exam,1: face-to-face lecture,SCORE,NA,NA,4,NA,9,White,F,N
MATH,100,Fall 2017,Quantitative Literacy,2: a constructed response exam,1: face-to-face lecture,SCORE,NA,NA,4,NA,9,White,F,Y
MATH,100,Fall 2017,Quantitative Literacy,2: a constructed response exam,1: face-to-face lecture,SCORE,NA,NA,4,NA,9,White,M,Y
MATH,100,Fall 2017,Quantitative Literacy,2: a constructed response exam,1: face-to-face lecture,SCORE,NA,NA,3,NA,9,White,M,Y
MATH,100,Fall 2017,Quantitative Literacy,2: a constructed response exam,1: face-to-face lecture,SCORE,NA,NA,4,NA,9,White,M,Y
MATH,100,Fall 2017,Quantitative Literacy,2: a constructed response exam,1: face-to-face lecture,SCORE,NA,NA,4,NA,9,White,F,N
MATH,100,Fall 2017,Quantitative Literacy,2: a constructed response exam,1: face-to-face lecture,SCORE,NA,NA,4,NA,9,White,F,Y
MATH,100,Fall 2017,Quantitative Literacy,2: a constructed response exam,1: face-to-face lecture,SCORE,NA,NA,4,NA,9,White,M,Y
MATH,100,Fall 2017,Quantitative Literacy,2: a constructed response exam,1: face-to-face lecture,SCORE,NA,NA,0,NA,10,Asian,M,N
MATH,100,Fall 2017,Quantitative Literacy,2: a constructed response exam,1: face-to-face lecture,SCORE,NA,NA,3,NA,10,Black or African American,F,Y
MATH,100,Fall 2017,Quantitative Literacy,2: a constructed response exam,1: face-to-face lecture,SCORE,NA,NA,3,NA,10,White,F,Y
MATH,100,Fall 2017,Quantitative Literacy,2: a constructed response exam,1: face-to-face lecture,SCORE,NA,NA,0,NA,10,Black or African American,F,Y
MATH,100,Fall 2017,Quantitative Literacy,2: a constructed response exam,1: face-to-face lecture,SCORE,NA,NA,0,NA,10,White,M,N
MATH,100,Fall 2017,Quantitative Literacy,2: a constructed response exam,1: face-to-face lecture,SCORE,NA,NA,4,NA,10,White,F,N
MATH,100,Fall 2017,Quantitative Literacy,2: a constructed response exam,1: face-to-face lecture,SCORE,NA,NA,2,NA,10,White,M,N
MATH,100,Fall 2017,Quantitative Literacy,2: a constructed response exam,1: face-to-face lecture,SCORE,NA,NA,4,NA,10,White,M,N
MATH,100,Fall 2017,Quantitative Literacy,2: a constructed response exam,1: face-to-face lecture,SCORE,NA,NA,3,NA,10,White,M,N
MATH,100,Fall 2017,Quantitative Literacy,2: a constructed response exam,1: face-to-face lecture,SCORE,NA,NA,0,NA,10,White,M,N
MATH,100,Fall 2017,Quantitative Literacy,2: a constructed response exam,1: face-to-face lecture,SCORE,NA,NA,2,NA,10,Black or African American,F,Y
MATH,100,Fall 2017,Quantitative Literacy,2: a constructed response exam,1: face-to-face lecture,SCORE,NA,NA,0,NA,10,White,F,Y
MATH,100,Fall 2017,Quantitative Literacy,2: a constructed response exam,1: face-to-face lecture,SCORE,NA,NA,3,NA,10,White,F,Y
MATH,100,Fall 2017,Quantitative Literacy,2: a constructed response exam,1: face-to-face lecture,SCORE,NA,NA,2,NA,10,White,F,Y
MATH,100,Fall 2017,Quantitative Literacy,2: a constructed response exam,1: face-to-face lecture,SCORE,NA,NA,4,NA,10,White,M,N
MATH,100,Fall 2017,Quantitative Literacy,2: a constructed response exam,1: face-to-face lecture,SCORE,NA,NA,0,NA,10,White,F,N
MATH,100,Fall 2017,Quantitative Literacy,2: a constructed response exam,1: face-to-face lecture,SCORE,NA,NA,4,NA,10,White,F,N
MATH,100,Fall 2017,Quantitative Literacy,2: a constructed response exam,1: face-to-face lecture,SCORE,NA,NA,0,NA,10,Multiracial,F,N
MATH,100,Fall 2017,Quantitative Literacy,2: a constructed response exam,1: face-to-face lecture,SCORE,NA,NA,0,NA,10,Black or African American,F,Y
MATH,100,Fall 2017,Quantitative Literacy,2: a constructed response exam,1: face-to-face lecture,SCORE,NA,NA,0,NA,10,White,F,N
MATH,100,Fall 2017,Quantitative Literacy,2: a constructed response exam,1: face-to-face lecture,SCORE,NA,NA,2,NA,10,White,F,Y
MATH,100,Fall 2017,Quantitative Literacy,2: a constructed response exam,1: face-to-face lecture,SCORE,NA,NA,0,NA,10,White,F,N
MATH,100,Fall 2017,Quantitative Literacy,2: a constructed response exam,1: face-to-face lecture,SCORE,NA,NA,4,NA,10,White,F,Y
MATH,100,Fall 2017,Quantitative Literacy,2: a constructed response exam,1: face-to-face lecture,SCORE,NA,NA,1,NA,10,White,F,N
MATH,100,Fall 2017,Quantitative Literacy,2: a constructed response exam,1: face-to-face lecture,SCORE,NA,NA,4,NA,10,Hispanic/Latino,F,N
MATH,100,Fall 2017,Quantitative Literacy,2: a constructed response exam,1: face-to-face lecture,SCORE,NA,NA,3,NA,10,American Indian/Alaskan Native,F,N
MATH,100,Fall 2017,Quantitative Literacy,2: a constructed response exam,1: face-to-face lecture,SCORE,NA,NA,3,NA,10,White,F,N
MATH,100,Fall 2017,Quantitative Literacy,2: a constructed response exam,7: Structured Learning Assistance (SLA),SCORE,NA,NA,0,NA,11,Black or African American,M,Y
MATH,100,Fall 2017,Quantitative Literacy,2: a constructed response exam,7: Structured Learning Assistance (SLA),SCORE,NA,NA,0,NA,11,White,F,Y
MATH,100,Fall 2017,Quantitative Literacy,2: a constructed response exam,7: Structured Learning Assistance (SLA),SCORE,NA,NA,0,NA,11,White,F,N
MATH,100,Fall 2017,Quantitative Literacy,2: a constructed response exam,7: Structured Learning Assistance (SLA),SCORE,NA,NA,0,NA,11,White,M,Y
MATH,100,Fall 2017,Quantitative Literacy,2: a constructed response exam,7: Structured Learning Assistance (SLA),SCORE,NA,NA,0,NA,11,White,M,N
MATH,100,Fall 2017,Quantitative Literacy,2: a constructed response exam,7: Structured Learning Assistance (SLA),SCORE,NA,NA,1,NA,11,White,M,N
MATH,100,Fall 2017,Quantitative Literacy,2: a constructed response exam,7: Structured Learning Assistance (SLA),SCORE,NA,NA,4,NA,11,Hispanic/Latino,F,N
MATH,100,Fall 2017,Quantitative Literacy,2: a constructed response exam,7: Structured Learning Assistance (SLA),SCORE,NA,NA,0,NA,11,White,M,N
MATH,100,Fall 2017,Quantitative Literacy,2: a constructed response exam,7: Structured Learning Assistance (SLA),SCORE,NA,NA,0,NA,11,Hispanic/Latino,F,N
MATH,100,Fall 2017,Quantitative Literacy,2: a constructed response exam,7: Structured Learning Assistance (SLA),SCORE,NA,NA,2,NA,11,White,M,N
MATH,100,Fall 2017,Quantitative Literacy,2: a constructed response exam,7: Structured Learning Assistance (SLA),SCORE,NA,NA,3,NA,11,White,M,Y
MATH,100,Fall 2017,Quantitative Literacy,2: a constructed response exam,7: Structured Learning Assistance (SLA),SCORE,NA,NA,0,NA,11,White,F,N
MATH,100,Fall 2017,Quantitative Literacy,2: a constructed response exam,7: Structured Learning Assistance (SLA),SCORE,NA,NA,4,NA,11,White,M,Y
MATH,100,Fall 2017,Quantitative Literacy,2: a constructed response exam,7: Structured Learning Assistance (SLA),SCORE,NA,NA,0,NA,11,White,F,Y
MATH,100,Fall 2017,Quantitative Literacy,2: a constructed response exam,7: Structured Learning Assistance (SLA),SCORE,NA,NA,0,NA,11,White,M,N
MATH,100,Fall 2017,Quantitative Literacy,2: a constructed response exam,7: Structured Learning Assistance (SLA),SCORE,NA,NA,4,NA,11,Black or African American,F,Y
MATH,100,Fall 2017,Quantitative Literacy,2: a constructed response exam,7: Structured Learning Assistance (SLA),SCORE,NA,NA,0,NA,11,White,F,Y
MATH,100,Fall 2017,Quantitative Literacy,2: a constructed response exam,7: Structured Learning Assistance (SLA),SCORE,NA,NA,0,NA,11,White,F,Y
MATH,100,Fall 2017,Quantitative Literacy,2: a constructed response exam,7: Structured Learning Assistance (SLA),SCORE,NA,NA,0,NA,11,White,F,N
MATH,100,Fall 2017,Quantitative Literacy,2: a constructed response exam,7: Structured Learning Assistance (SLA),SCORE,NA,NA,4,NA,11,White,F,N
MATH,100,Fall 2017,Quantitative Literacy,2: a constructed response exam,7: Structured Learning Assistance (SLA),SCORE,NA,NA,0,NA,11,Hispanic/Latino,M,Y
MATH,100,Fall 2017,Quantitative Literacy,2: a constructed response exam,7: Structured Learning Assistance (SLA),SCORE,NA,NA,4,NA,11,White,F,N
MATH,100,Fall 2017,Quantitative Literacy,2: a constructed response exam,7: Structured Learning Assistance (SLA),SCORE,NA,NA,0,NA,11,Hispanic/Latino,M,N
MATH,100,Fall 2017,Quantitative Literacy,2: a constructed response exam,7: Structured Learning Assistance (SLA),SCORE,NA,NA,0,NA,11,White,M,N
MATH,100,Fall 2017,Quantitative Literacy,2: a constructed response exam,7: Structured Learning Assistance (SLA),SCORE,NA,NA,0,NA,11,White,F,N
MATH,100,Fall 2017,Quantitative Literacy,2: a constructed response exam,7: Structured Learning Assistance (SLA),SCORE,NA,NA,1,NA,11,White,F,Y
MATH,100,Fall 2017,Quantitative Literacy,2: a constructed response exam,7: Structured Learning Assistance (SLA),SCORE,NA,NA,0,NA,11,Multiracial,M,N
MATH,100,Fall 2017,Quantitative Literacy,2: a constructed response exam,1: face-to-face lecture,SCORE,NA,NA,4,NA,12,White,M,N
MATH,100,Fall 2017,Quantitative Literacy,2: a constructed response exam,1: face-to-face lecture,SCORE,NA,NA,4,NA,12,Multiracial,M,N
MATH,100,Fall 2017,Quantitative Literacy,2: a constructed response exam,1: face-to-face lecture,SCORE,NA,NA,3,NA,12,White,F,N
MATH,100,Fall 2017,Quantitative Literacy,2: a constructed response exam,1: face-to-face lecture,SCORE,NA,NA,4,NA,12,White,F,Y
MATH,100,Fall 2017,Quantitative Literacy,2: a constructed response exam,1: face-to-face lecture,SCORE,NA,NA,2,NA,12,White,F,Y
MATH,100,Fall 2017,Quantitative Literacy,2: a constructed response exam,1: face-to-face lecture,SCORE,NA,NA,2,NA,12,Black or African American,M,N
MATH,100,Fall 2017,Quantitative Literacy,2: a constructed response exam,1: face-to-face lecture,SCORE,NA,NA,4,NA,12,Black or African American,F,Y
MATH,100,Fall 2017,Quantitative Literacy,2: a constructed response exam,1: face-to-face lecture,SCORE,NA,NA,4,NA,12,Black or African American,F,Y
MATH,100,Fall 2017,Quantitative Literacy,2: a constructed response exam,1: face-to-face lecture,SCORE,NA,NA,4,NA,12,Black or African American,F,N
MATH,100,Fall 2017,Quantitative Literacy,2: a constructed response exam,1: face-to-face lecture,SCORE,NA,NA,4,NA,12,White,F,Y
MATH,100,Fall 2017,Quantitative Literacy,2: a constructed response exam,1: face-to-face lecture,SCORE,NA,NA,3,NA,12,White,F,Y
MATH,100,Fall 2017,Quantitative Literacy,2: a constructed response exam,1: face-to-face lecture,SCORE,NA,NA,3,NA,12,White,F,Y
MATH,100,Fall 2017,Quantitative Literacy,2: a constructed response exam,1: face-to-face lecture,SCORE,NA,NA,3,NA,12,White,F,Y
MATH,100,Fall 2017,Quantitative Literacy,2: a constructed response exam,1: face-to-face lecture,SCORE,NA,NA,3,NA,12,White,M,Y
MATH,100,Fall 2017,Quantitative Literacy,2: a constructed response exam,1: face-to-face lecture,SCORE,NA,NA,4,NA,12,American Indian/Alaskan Native,M,N
MATH,100,Fall 2017,Quantitative Literacy,2: a constructed response exam,1: face-to-face lecture,SCORE,NA,NA,4,NA,12,Black or African American,F,Y
MATH,100,Fall 2017,Quantitative Literacy,2: a constructed response exam,1: face-to-face lecture,SCORE,NA,NA,3,NA,12,White,F,Y
MATH,100,Fall 2017,Quantitative Literacy,2: a constructed response exam,1: face-to-face lecture,SCORE,NA,NA,4,NA,12,Hispanic/Latino,M,N
MATH,100,Fall 2017,Quantitative Literacy,2: a constructed response exam,1: face-to-face lecture,SCORE,NA,NA,4,NA,12,White,F,N
MATH,100,Fall 2017,Quantitative Literacy,2: a constructed response exam,1: face-to-face lecture,SCORE,NA,NA,2,NA,12,White,M,N
MATH,100,Fall 2017,Quantitative Literacy,2: a constructed response exam,1: face-to-face lecture,SCORE,NA,NA,3,NA,12,Hispanic/Latino,F,Y
MATH,100,Fall 2017,Quantitative Literacy,2: a constructed response exam,1: face-to-face lecture,SCORE,NA,NA,4,NA,12,Hispanic/Latino,M,N
MATH,100,Fall 2017,Quantitative Literacy,2: a constructed response exam,1: face-to-face lecture,SCORE,NA,NA,4,NA,12,White,F,Y
MATH,100,Fall 2017,Quantitative Literacy,2: a constructed response exam,1: face-to-face lecture,SCORE,NA,NA,4,NA,12,Black or African American,F,Y
MATH,100,Fall 2017,Quantitative Literacy,2: a constructed response exam,1: face-to-face lecture,SCORE,NA,NA,4,NA,12,White,F,N
MATH,100,Fall 2017,Quantitative Literacy,2: a constructed response exam,1: face-to-face lecture,SCORE,NA,NA,4,NA,12,White,F,Y
MATH,100,Fall 2017,Quantitative Literacy,2: a constructed response exam,1: face-to-face lecture,SCORE,NA,NA,4,NA,12,Multiracial,M,N
MATH,100,Fall 2017,Quantitative Literacy,2: a constructed response exam,1: face-to-face lecture,SCORE,NA,NA,4,NA,12,White,M,Y
MATH,100,Fall 2017,Quantitative Literacy,2: a constructed response exam,4: online delivery,SCORE,NA,NA,0,NA,14,White,F,Y
MATH,100,Fall 2017,Quantitative Literacy,2: a constructed response exam,4: online delivery,SCORE,NA,NA,0,NA,14,White,F,N
MATH,100,Fall 2017,Quantitative Literacy,2: a constructed response exam,4: online delivery,SCORE,NA,NA,2,NA,14,White,F,Y
MATH,100,Fall 2017,Quantitative Literacy,2: a constructed response exam,4: online delivery,SCORE,NA,NA,3,NA,14,White,M,N
MATH,100,Fall 2017,Quantitative Literacy,2: a constructed response exam,4: online delivery,SCORE,NA,NA,0,NA,14,Black or African American,M,N
MATH,100,Fall 2017,Quantitative Literacy,2: a constructed response exam,4: online delivery,SCORE,NA,NA,4,NA,14,White,F,N
MATH,100,Fall 2017,Quantitative Literacy,2: a constructed response exam,4: online delivery,SCORE,NA,NA,2,NA,14,White,F,N
MATH,100,Fall 2017,Quantitative Literacy,2: a constructed response exam,4: online delivery,SCORE,NA,NA,1,NA,14,White,F,N
MATH,100,Fall 2017,Quantitative Literacy,2: a constructed response exam,6: computer lab,SCORE,NA,NA,4,NA,15,Asian,M,N
MATH,100,Fall 2017,Quantitative Literacy,2: a constructed response exam,6: computer lab,SCORE,NA,NA,1,NA,15,White,M,N
MATH,100,Fall 2017,Quantitative Literacy,2: a constructed response exam,6: computer lab,SCORE,NA,NA,4,NA,15,White,M,Y
MATH,100,Fall 2017,Quantitative Literacy,2: a constructed response exam,6: computer lab,SCORE,NA,NA,0,NA,15,White,F,Y
MATH,100,Fall 2017,Quantitative Literacy,2: a constructed response exam,6: computer lab,SCORE,NA,NA,1,NA,15,White,M,N
MATH,100,Fall 2017,Quantitative Literacy,2: a constructed response exam,6: computer lab,SCORE,NA,NA,4,NA,15,White,F,Y
MATH,100,Fall 2017,Quantitative Literacy,2: a constructed response exam,6: computer lab,SCORE,NA,NA,0,NA,15,White,M,N
MATH,100,Fall 2017,Quantitative Literacy,2: a constructed response exam,6: computer lab,SCORE,NA,NA,0,NA,15,Black or African American,M,Y
MATH,100,Fall 2017,Quantitative Literacy,2: a constructed response exam,6: computer lab,SCORE,NA,NA,0,NA,15,Hispanic/Latino,M,Y
MATH,100,Fall 2017,Quantitative Literacy,2: a constructed response exam,6: computer lab,SCORE,NA,NA,3,NA,15,White,M,Y
MATH,100,Fall 2017,Quantitative Literacy,2: a constructed response exam,6: computer lab,SCORE,NA,NA,4,NA,15,White,M,Y
MATH,100,Fall 2017,Quantitative Literacy,2: a constructed response exam,6: computer lab,SCORE,NA,NA,2,NA,15,White,F,Y
MATH,100,Fall 2017,Quantitative Literacy,2: a constructed response exam,6: computer lab,SCORE,NA,NA,0,NA,15,White,F,Y
MATH,100,Fall 2017,Quantitative Literacy,2: a constructed response exam,6: computer lab,SCORE,NA,NA,2,NA,15,White,F,N
MATH,100,Fall 2017,Quantitative Literacy,2: a constructed response exam,6: computer lab,SCORE,NA,NA,4,NA,15,White,F,N
MATH,100,Fall 2017,Quantitative Literacy,2: a constructed response exam,6: computer lab,SCORE,NA,NA,3,NA,15,White,M,N
MATH,100,Fall 2017,Quantitative Literacy,2: a constructed response exam,6: computer lab,SCORE,NA,NA,3,NA,15,White,M,Y
MATH,100,Fall 2017,Quantitative Literacy,2: a constructed response exam,6: computer lab,SCORE,NA,NA,0,NA,15,White,F,Y
MATH,200,Fall 2017,Quantitative Literacy,2: a constructed response exam,1: face-to-face lecture,SCORE,NA,NA,4,NA,18,White,M,N
MATH,200,Fall 2017,Quantitative Literacy,2: a constructed response exam,1: face-to-face lecture,SCORE,NA,NA,4,NA,18,White,F,N
MATH,200,Fall 2017,Quantitative Literacy,2: a constructed response exam,1: face-to-face lecture,SCORE,NA,NA,3,NA,18,White,F,N
MATH,200,Fall 2017,Quantitative Literacy,2: a constructed response exam,1: face-to-face lecture,SCORE,NA,NA,3,NA,18,White,M,Y
MATH,200,Fall 2017,Quantitative Literacy,2: a constructed response exam,1: face-to-face lecture,SCORE,NA,NA,4,NA,18,White,F,N
MATH,200,Fall 2017,Quantitative Literacy,2: a constructed response exam,1: face-to-face lecture,SCORE,NA,NA,3,NA,18,White,M,N
MATH,200,Fall 2017,Quantitative Literacy,2: a constructed response exam,1: face-to-face lecture,SCORE,NA,NA,1,NA,18,White,M,Y
MATH,200,Fall 2017,Quantitative Literacy,2: a constructed response exam,1: face-to-face lecture,SCORE,NA,NA,4,NA,18,White,M,Y
MATH,200,Fall 2017,Quantitative Literacy,2: a constructed response exam,1: face-to-face lecture,SCORE,NA,NA,0,NA,18,White,M,N
MATH,200,Fall 2017,Quantitative Literacy,2: a constructed response exam,1: face-to-face lecture,SCORE,NA,NA,4,NA,18,White,F,N
MATH,200,Fall 2017,Quantitative Literacy,2: a constructed response exam,1: face-to-face lecture,SCORE,NA,NA,3,NA,18,White,F,N
MATH,200,Fall 2017,Quantitative Literacy,2: a constructed response exam,1: face-to-face lecture,SCORE,NA,NA,1,NA,18,White,F,N
MATH,200,Fall 2017,Quantitative Literacy,2: a constructed response exam,1: face-to-face lecture,SCORE,NA,NA,1,NA,18,Hispanic/Latino,F,Y
MATH,200,Fall 2017,Quantitative Literacy,2: a constructed response exam,1: face-to-face lecture,SCORE,NA,NA,1,NA,18,White,M,N
MATH,200,Fall 2017,Quantitative Literacy,2: a constructed response exam,1: face-to-face lecture,SCORE,NA,NA,3,NA,18,White,M,N
MATH,200,Fall 2017,Quantitative Literacy,2: a constructed response exam,1: face-to-face lecture,SCORE,NA,NA,3,NA,18,Asian,M,Y
MATH,200,Fall 2017,Quantitative Literacy,2: a constructed response exam,1: face-to-face lecture,SCORE,NA,NA,0,NA,18,White,M,Y
MATH,200,Fall 2017,Quantitative Literacy,2: a constructed response exam,1: face-to-face lecture,SCORE,NA,NA,0,NA,18,White,M,N
MATH,200,Fall 2017,Quantitative Literacy,2: a constructed response exam,1: face-to-face lecture,SCORE,NA,NA,3,NA,18,White,M,Y
MATH,200,Fall 2017,Quantitative Literacy,2: a constructed response exam,1: face-to-face lecture,SCORE,NA,NA,1,NA,18,Multiracial,F,Y
MATH,200,Fall 2017,Quantitative Literacy,2: a constructed response exam,1: face-to-face lecture,SCORE,NA,NA,2,NA,18,Hispanic/Latino,M,Y
MATH,200,Fall 2017,Quantitative Literacy,2: a constructed response exam,1: face-to-face lecture,SCORE,NA,NA,4,NA,18,Hispanic/Latino,M,N
MATH,200,Fall 2017,Quantitative Literacy,2: a constructed response exam,1: face-to-face lecture,SCORE,NA,NA,2,NA,18,White,M,N
MATH,200,Fall 2017,Quantitative Literacy,2: a constructed response exam,1: face-to-face lecture,SCORE,NA,NA,4,NA,18,White,M,N
MATH,200,Fall 2017,Quantitative Literacy,2: a constructed response exam,1: face-to-face lecture,SCORE,NA,NA,4,NA,18,White,F,N
MATH,200,Fall 2017,Quantitative Literacy,2: a constructed response exam,1: face-to-face lecture,SCORE,NA,NA,2,NA,18,White,M,Y
MATH,200,Fall 2017,Quantitative Literacy,2: a constructed response exam,1: face-to-face lecture,SCORE,NA,NA,0,NA,18,White,M,Y
MATH,200,Fall 2017,Quantitative Literacy,2: a constructed response exam,1: face-to-face lecture,SCORE,NA,NA,3,NA,18,White,M,Y
MATH,200,Fall 2017,Quantitative Literacy,2: a constructed response exam,1: face-to-face lecture,SCORE,NA,NA,3,NA,18,White,F,Y
MATH,200,Fall 2017,Quantitative Literacy,2: a constructed response exam,1: face-to-face lecture,SCORE,NA,NA,0,NA,18,White,M,N
MATH,200,Fall 2017,Quantitative Literacy,2: a constructed response exam,1: face-to-face lecture,SCORE,NA,NA,2,NA,18,White,M,N
MATH,200,Fall 2017,Quantitative Literacy,2: a constructed response exam,1: face-to-face lecture,SCORE,NA,NA,2,NA,18,White,M,N
MATH,200,Fall 2017,Quantitative Literacy,2: a constructed response exam,1: face-to-face lecture,SCORE,NA,NA,3,NA,18,Asian,M,N
MATH,200,Fall 2017,Quantitative Literacy,2: a constructed response exam,1: face-to-face lecture,SCORE,NA,NA,2,NA,18,White,M,Y
MATH,200,Fall 2017,Quantitative Literacy,2: a constructed response exam,1: face-to-face lecture,SCORE,NA,NA,4,NA,18,White,M,N
MATH,200,Fall 2017,Quantitative Literacy,2: a constructed response exam,1: face-to-face lecture,SCORE,NA,NA,3,NA,18,White,M,N
MATH,200,Fall 2017,Quantitative Literacy,2: a constructed response exam,1: face-to-face lecture,SCORE,NA,NA,4,NA,18,White,M,N
MATH,200,Fall 2017,Quantitative Literacy,2: a constructed response exam,1: face-to-face lecture,SCORE,NA,NA,3,NA,18,White,M,Y
MATH,200,Fall 2017,Quantitative Literacy,2: a constructed response exam,1: face-to-face lecture,SCORE,NA,NA,3,NA,18,Asian,M,Y
MATH,200,Fall 2017,Quantitative Literacy,2: a constructed response exam,1: face-to-face lecture,SCORE,NA,NA,0,NA,18,Hispanic/Latino,M,N
MATH,200,Fall 2017,Quantitative Literacy,2: a constructed response exam,1: face-to-face lecture,SCORE,NA,NA,3,NA,18,White,M,N
MATH,200,Fall 2017,Quantitative Literacy,2: a constructed response exam,1: face-to-face lecture,SCORE,NA,NA,3,NA,18,White,M,Y
MATH,200,Fall 2017,Quantitative Literacy,2: a constructed response exam,1: face-to-face lecture,SCORE,NA,NA,2,NA,18,White,M,N
MATH,200,Fall 2017,Quantitative Literacy,2: a constructed response exam,1: face-to-face lecture,SCORE,NA,NA,4,NA,18,Asian,M,N
MATH,200,Fall 2017,Quantitative Literacy,2: a constructed response exam,1: face-to-face lecture,SCORE,NA,NA,2,NA,18,Hispanic/Latino,M,N
MATH,200,Fall 2017,Quantitative Literacy,2: a constructed response exam,1: face-to-face lecture,SCORE,NA,NA,2,NA,18,Black or African American,M,N
MATH,200,Fall 2017,Quantitative Literacy,2: a constructed response exam,1: face-to-face lecture,SCORE,NA,NA,2,NA,18,White,M,N
MATH,200,Fall 2017,Quantitative Literacy,2: a constructed response exam,1: face-to-face lecture,SCORE,NA,NA,4,NA,18,White,M,N
MATH,200,Fall 2017,Quantitative Literacy,2: a constructed response exam,1: face-to-face lecture,SCORE,NA,NA,3,NA,18,White,M,N
MATH,200,Fall 2017,Quantitative Literacy,2: a constructed response exam,1: face-to-face lecture,SCORE,NA,NA,2,NA,18,White,F,Y
MATH,200,Fall 2017,Quantitative Literacy,2: a constructed response exam,1: face-to-face lecture,SCORE,NA,NA,3,NA,18,White,M,N
MATH,200,Fall 2017,Quantitative Literacy,2: a constructed response exam,1: face-to-face lecture,SCORE,NA,NA,2,NA,18,Black or African American,M,N
MATH,200,Fall 2017,Quantitative Literacy,2: a constructed response exam,1: face-to-face lecture,SCORE,NA,NA,3,NA,18,White,M,Y
MATH,200,Fall 2017,Quantitative Literacy,2: a constructed response exam,1: face-to-face lecture,SCORE,NA,NA,2,NA,18,White,M,Y
MATH,200,Fall 2017,Quantitative Literacy,2: a constructed response exam,1: face-to-face lecture,SCORE,NA,NA,3,NA,18,White,F,N
MATH,200,Fall 2017,Quantitative Literacy,2: a constructed response exam,1: face-to-face lecture,SCORE,NA,NA,0,NA,18,Multiracial,F,N
MATH,200,Fall 2017,Quantitative Literacy,2: a constructed response exam,1: face-to-face lecture,SCORE,NA,NA,3,NA,18,White,F,Y
MATH,200,Fall 2017,Quantitative Literacy,2: a constructed response exam,1: face-to-face lecture,SCORE,NA,NA,3,NA,18,White,M,N
MATH,200,Fall 2017,Quantitative Literacy,2: a constructed response exam,1: face-to-face lecture,SCORE,NA,NA,3,NA,18,White,M,Y
MATH,200,Fall 2017,Quantitative Literacy,2: a constructed response exam,1: face-to-face lecture,SCORE,NA,NA,4,NA,18,White,M,N
MATH,200,Fall 2017,Quantitative Literacy,2: a constructed response exam,1: face-to-face lecture,SCORE,NA,NA,3,NA,18,White,M,N
MATH,100,Fall 2017,Quantitative Literacy,2: a constructed response exam,1: face-to-face lecture,SCORE,NA,NA,4,NA,19,White,F,N
MATH,100,Fall 2017,Quantitative Literacy,2: a constructed response exam,1: face-to-face lecture,SCORE,NA,NA,4,NA,19,White,F,Y
MATH,100,Fall 2017,Quantitative Literacy,2: a constructed response exam,1: face-to-face lecture,SCORE,NA,NA,3,NA,19,White,M,Y
MATH,100,Fall 2017,Quantitative Literacy,2: a constructed response exam,1: face-to-face lecture,SCORE,NA,NA,4,NA,19,White,F,Y
MATH,100,Fall 2017,Quantitative Literacy,2: a constructed response exam,1: face-to-face lecture,SCORE,NA,NA,3,NA,19,White,M,Y
MATH,100,Fall 2017,Quantitative Literacy,2: a constructed response exam,1: face-to-face lecture,SCORE,NA,NA,4,NA,19,White,M,N
MATH,100,Fall 2017,Quantitative Literacy,2: a constructed response exam,1: face-to-face lecture,SCORE,NA,NA,3,NA,19,White,F,Y
MATH,100,Fall 2017,Quantitative Literacy,2: a constructed response exam,1: face-to-face lecture,SCORE,NA,NA,4,NA,19,White,F,Y
MATH,100,Fall 2017,Quantitative Literacy,2: a constructed response exam,1: face-to-face lecture,SCORE,NA,NA,4,NA,19,White,F,N
MATH,100,Fall 2017,Quantitative Literacy,2: a constructed response exam,1: face-to-face lecture,SCORE,NA,NA,4,NA,19,White,F,Y
MATH,100,Fall 2017,Quantitative Literacy,2: a constructed response exam,1: face-to-face lecture,SCORE,NA,NA,4,NA,19,White,M,N
MATH,100,Fall 2017,Quantitative Literacy,2: a constructed response exam,1: face-to-face lecture,SCORE,NA,NA,3,NA,19,White,F,Y
MATH,100,Fall 2017,Quantitative Literacy,2: a constructed response exam,1: face-to-face lecture,SCORE,NA,NA,4,NA,19,Hispanic/Latino,M,N
MATH,100,Fall 2017,Quantitative Literacy,2: a constructed response exam,1: face-to-face lecture,SCORE,NA,NA,4,NA,19,White,F,Y
MATH,100,Fall 2017,Quantitative Literacy,2: a constructed response exam,1: face-to-face lecture,SCORE,NA,NA,4,NA,19,White,F,Y
MATH,100,Fall 2017,Quantitative Literacy,2: a constructed response exam,1: face-to-face lecture,SCORE,NA,NA,4,NA,19,White,F,N
MATH,100,Fall 2017,Quantitative Literacy,2: a constructed response exam,1: face-to-face lecture,SCORE,NA,NA,4,NA,19,White,F,Y
MATH,100,Fall 2017,Quantitative Literacy,2: a constructed response exam,1: face-to-face lecture,SCORE,NA,NA,4,NA,19,Multiracial,F,Y
MATH,100,Fall 2017,Quantitative Literacy,2: a constructed response exam,1: face-to-face lecture,SCORE,NA,NA,4,NA,19,Multiracial,F,Y
MATH,100,Fall 2017,Quantitative Literacy,2: a constructed response exam,1: face-to-face lecture,SCORE,NA,NA,4,NA,19,White,F,N
MATH,100,Fall 2017,Quantitative Literacy,2: a constructed response exam,3: group work,SCORE,NA,NA,1,NA,20,Multiracial,M,Y
MATH,100,Fall 2017,Quantitative Literacy,2: a constructed response exam,3: group work,SCORE,NA,NA,3,NA,20,White,M,Y
MATH,100,Fall 2017,Quantitative Literacy,2: a constructed response exam,3: group work,SCORE,NA,NA,3,NA,20,White,M,Y
MATH,100,Fall 2017,Quantitative Literacy,2: a constructed response exam,3: group work,SCORE,NA,NA,4,NA,20,White,M,Y
MATH,100,Fall 2017,Quantitative Literacy,2: a constructed response exam,3: group work,SCORE,NA,NA,2,NA,20,Black or African American,F,N
MATH,100,Fall 2017,Quantitative Literacy,2: a constructed response exam,3: group work,SCORE,NA,NA,3,NA,20,Black or African American,M,Y
MATH,100,Fall 2017,Quantitative Literacy,2: a constructed response exam,3: group work,SCORE,NA,NA,1,NA,20,Unknown,M,N
MATH,100,Fall 2017,Quantitative Literacy,2: a constructed response exam,3: group work,SCORE,NA,NA,1,NA,20,White,M,N
MATH,100,Fall 2017,Quantitative Literacy,2: a constructed response exam,3: group work,SCORE,NA,NA,1,NA,20,White,M,N
MATH,100,Fall 2017,Quantitative Literacy,2: a constructed response exam,3: group work,SCORE,NA,NA,2,NA,20,White,M,N
MATH,100,Fall 2017,Quantitative Literacy,2: a constructed response exam,3: group work,SCORE,NA,NA,3,NA,20,White,M,Y
MATH,100,Fall 2017,Quantitative Literacy,2: a constructed response exam,3: group work,SCORE,NA,NA,3,NA,20,Black or African American,M,Y
MATH,100,Fall 2017,Quantitative Literacy,2: a constructed response exam,3: group work,SCORE,NA,NA,2,NA,20,White,F,Y
MATH,100,Fall 2017,Quantitative Literacy,2: a constructed response exam,3: group work,SCORE,NA,NA,2,NA,20,Black or African American,F,Y
MATH,100,Fall 2017,Quantitative Literacy,2: a constructed response exam,3: group work,SCORE,NA,NA,4,NA,20,White,F,Y
MATH,100,Fall 2017,Quantitative Literacy,2: a constructed response exam,3: group work,SCORE,NA,NA,0,NA,20,White,M,N
MATH,100,Fall 2017,Quantitative Literacy,2: a constructed response exam,3: group work,SCORE,NA,NA,2,NA,20,White,F,Y
MATH,100,Fall 2017,Quantitative Literacy,2: a constructed response exam,3: group work,SCORE,NA,NA,3,NA,20,White,M,N
MATH,100,Fall 2017,Quantitative Literacy,2: a constructed response exam,3: group work,SCORE,NA,NA,2,NA,20,White,M,N
MATH,100,Fall 2017,Quantitative Literacy,2: a constructed response exam,3: group work,SCORE,NA,NA,3,NA,20,White,F,N
MATH,100,Fall 2017,Quantitative Literacy,2: a constructed response exam,3: group work,SCORE,NA,NA,1,NA,21,White,M,N
MATH,100,Fall 2017,Quantitative Literacy,2: a constructed response exam,3: group work,SCORE,NA,NA,1,NA,21,White,F,N
MATH,100,Fall 2017,Quantitative Literacy,2: a constructed response exam,3: group work,SCORE,NA,NA,4,NA,21,White,M,Y
MATH,100,Fall 2017,Quantitative Literacy,2: a constructed response exam,3: group work,SCORE,NA,NA,0,NA,21,White,M,N
MATH,100,Fall 2017,Quantitative Literacy,2: a constructed response exam,3: group work,SCORE,NA,NA,3,NA,21,Multiracial,M,Y
MATH,100,Fall 2017,Quantitative Literacy,2: a constructed response exam,3: group work,SCORE,NA,NA,2,NA,21,White,F,N
MATH,100,Fall 2017,Quantitative Literacy,2: a constructed response exam,3: group work,SCORE,NA,NA,4,NA,21,White,F,Y
MATH,100,Fall 2017,Quantitative Literacy,2: a constructed response exam,3: group work,SCORE,NA,NA,4,NA,21,Asian,M,N
MATH,100,Fall 2017,Quantitative Literacy,2: a constructed response exam,3: group work,SCORE,NA,NA,4,NA,21,Black or African American,F,Y
MATH,100,Fall 2017,Quantitative Literacy,2: a constructed response exam,3: group work,SCORE,NA,NA,4,NA,21,White,F,N
MATH,100,Fall 2017,Quantitative Literacy,2: a constructed response exam,3: group work,SCORE,NA,NA,4,NA,21,White,F,N
MATH,100,Fall 2017,Quantitative Literacy,2: a constructed response exam,3: group work,SCORE,NA,NA,1,NA,21,Multiracial,M,Y
MATH,100,Fall 2017,Quantitative Literacy,2: a constructed response exam,3: group work,SCORE,NA,NA,3,NA,21,Hispanic/Latino,F,Y
MATH,100,Fall 2017,Quantitative Literacy,2: a constructed response exam,3: group work,SCORE,NA,NA,1,NA,21,White,M,Y
MATH,100,Fall 2017,Quantitative Literacy,2: a constructed response exam,3: group work,SCORE,NA,NA,4,NA,21,Unknown,F,Y
MATH,100,Fall 2017,Quantitative Literacy,2: a constructed response exam,3: group work,SCORE,NA,NA,2,NA,21,Asian,F,N
MATH,100,Fall 2017,Quantitative Literacy,2: a constructed response exam,3: group work,SCORE,NA,NA,4,NA,21,White,M,N
MATH,100,Fall 2017,Quantitative Literacy,2: a constructed response exam,3: group work,SCORE,NA,NA,0,NA,21,White,M,N
